fips,region,division,pop
01001,South,East South Central,58805
01003,South,East South Central,231767
01005,South,East South Central,25223
01007,South,East South Central,22293
01009,South,East South Central,59134
01011,South,East South Central,10357
01013,South,East South Central,19051
01015,South,East South Central,116441
21135,South,East South Central,13080
21137,South,East South Central,24275
21139,South,East South Central,8888
21141,South,East South Central,27432
21143,South,East South Central,8680
21145,South,East South Central,67875
21147,South,East South Central,16888
21151,South,East South Central,92701
21155,South,East South Central,19581
21157,South,East South Central,31659
21161,South,East South Central,17120
21163,South,East South Central,30003
21167,South,East South Central,22641
21169,South,East South Central,10286
21173,South,East South Central,28114
21175,South,East South Central,13726
21179,South,East South Central,46738
21181,South,East South Central,7537
21185,South,East South Central,67607
21187,South,East South Central,11278
21191,South,East South Central,14644
21195,South,East South Central,58669
21197,South,East South Central,13129
21201,South,East South Central,2193
21203,South,East South Central,16037
21207,South,East South Central,17991
21209,South,East South Central,57155
21213,South,East South Central,19594
21215,South,East South Central,19490
21219,South,East South Central,12243
21223,South,East South Central,8474
21225,South,East South Central,13668
21229,South,East South Central,12027
21231,South,East South Central,19555
21235,South,East South Central,36712
21237,South,East South Central,6562
23001,Northeast,New England,111139
23003,Northeast,New England,67105
23007,Northeast,New England,29456
23009,Northeast,New England,55478
23013,Northeast,New England,40607
23015,Northeast,New England,35237
23019,Northeast,New England,152199
23021,Northeast,New England,16800
23025,Northeast,New England,50477
23029,Northeast,New England,31095
23031,Northeast,New England,211972
27003,Midwest,West North Central,363887
27005,Midwest,West North Central,35183
27007,Midwest,West North Central,46228
27009,Midwest,West North Central,41379
27011,Midwest,West North Central,5166
27013,Midwest,West North Central,69112
27015,Midwest,West North Central,25912
27017,Midwest,West North Central,36207
27019,Midwest,West North Central,106922
27021,Midwest,West North Central,30066
27023,Midwest,West North Central,12598
27025,Midwest,West North Central,56621
47121,South,East South Central,12758
47125,South,East South Central,220069
47127,South,East South Central,6461
47131,South,East South Central,30787
47133,South,East South Central,22511
47137,South,East South Central,5001
47139,South,East South Central,17544
47143,South,East South Central,32870
47145,South,East South Central,53404
47149,South,East South Central,341486
47151,South,East South Central,21850
47153,South,East South Central,15826
47157,South,East South Central,929744
47159,South,East South Central,19904
47163,South,East South Central,158163
47165,South,East South Central,196281
47169,South,East South Central,11615
47171,South,East South Central,17928
47175,South,East South Central,6168
47177,South,East South Central,40953
47181,South,East South Central,16232
47183,South,East South Central,32902
47187,South,East South Central,247726
47189,South,East South Central,147737
49003,West,Mountain,57666
49005,West,Mountain,133154
49009,West,Mountain,935
49011,West,Mountain,362679
49015,West,Mountain,9825
49017,West,Mountain,5083
49019,West,Mountain,9669
49021,West,Mountain,57289
49023,West,Mountain,11786
49025,West,Mountain,7667
49027,West,Mountain,12975
49029,West,Mountain,12295
49031,West,Mountain,1438
49033,West,Mountain,2510
49035,West,Mountain,1185238
49037,West,Mountain,14518
49039,West,Mountain,28437
49041,West,Mountain,21522
49043,West,Mountain,42357
49045,West,Mountain,72698
49047,West,Mountain,35620
49049,West,Mountain,659399
49051,West,Mountain,34788
49053,West,Mountain,180279
49055,West,Mountain,2486
49057,West,Mountain,262223
50003,Northeast,New England,37347
50005,Northeast,New England,30233
50009,Northeast,New England,5920
50011,Northeast,New England,49946
50015,Northeast,New England,25945
50017,Northeast,New England,29277
50021,Northeast,New England,60572
50023,Northeast,New England,59807
50027,Northeast,New England,57753
51001,South,South Atlantic,33413
27165,Midwest,West North Central,11253
29037,Midwest,West North Central,107824
29043,Midwest,West North Central,88842
29049,Midwest,West North Central,21184
29055,Midwest,West North Central,23056
29061,Midwest,West North Central,8430
29067,Midwest,West North Central,11578
29073,Midwest,West North Central,14794
29079,Midwest,West North Central,9808
29085,Midwest,West North Central,8279
29091,Midwest,West North Central,39750
29097,Midwest,West North Central,122761
29101,Midwest,West North Central,54013
29107,Midwest,West North Central,32984
29113,Midwest,West North Central,59574
29119,Midwest,West North Central,23303
29125,Midwest,West North Central,8432
29131,Midwest,West North Central,24722
29137,Midwest,West North Central,8666
29143,Midwest,West North Central,16434
29149,Midwest,West North Central,8635
29155,Midwest,West North Central,15661
29203,Midwest,West North Central,7031
29209,Midwest,West North Central,31076
29215,Midwest,West North Central,24487
29221,Midwest,West North Central,23514
29227,Midwest,West North Central,1973
29510,Midwest,West North Central,301578
12005,South,South Atlantic,175216
12011,South,South Atlantic,1944375
12017,South,South Atlantic,153843
12023,South,South Atlantic,69698
12031,South,South Atlantic,995567
12037,South,South Atlantic,12451
12043,South,South Atlantic,12126
12049,South,South Atlantic,25327
12055,South,South Atlantic,101235
12061,South,South Atlantic,159788
12067,South,South Atlantic,8226
12073,South,South Atlantic,292198
12077,South,South Atlantic,7974
12083,South,South Atlantic,375908
12087,South,South Atlantic,82874
12093,South,South Atlantic,39644
31005,Midwest,West North Central,434
31011,Midwest,West North Central,5379
31017,Midwest,West North Central,2903
31023,Midwest,West North Central,8369
27159,Midwest,West North Central,14065
31029,Midwest,West North Central,3893
31035,Midwest,West North Central,6104
31039,Midwest,West North Central,9013
31045,Midwest,West North Central,8199
31051,Midwest,West North Central,5606
31057,Midwest,West North Central,1654
31063,Midwest,West North Central,2519
31069,Midwest,West North Central,1874
31075,Midwest,West North Central,611
31081,Midwest,West North Central,9429
01019,South,East South Central,24971
01021,South,East South Central,45014
01023,South,East South Central,12665
01025,South,East South Central,23087
01027,South,East South Central,14236
01029,South,East South Central,15056
01031,South,East South Central,53465
01033,South,East South Central,57227
01035,South,East South Central,11597
01037,South,East South Central,10387
01041,South,East South Central,13194
01043,South,East South Central,87866
01047,South,East South Central,38462
01049,South,East South Central,71608
01053,South,East South Central,36757
01055,South,East South Central,103436
01059,South,East South Central,32113
01063,South,East South Central,7730
01065,South,East South Central,14785
01069,South,East South Central,107202
01071,South,East South Central,52579
01075,South,East South Central,13972
01077,South,East South Central,93564
01081,South,East South Central,174241
01085,South,East South Central,10311
01087,South,East South Central,19532
01091,South,East South Central,19323
01093,South,East South Central,29341
01097,South,East South Central,414809
01099,South,East South Central,19772
01103,South,East South Central,123421
01107,South,East South Central,19123
01109,South,East South Central,33009
01113,South,East South Central,59183
01115,South,East South Central,91103
01119,South,East South Central,12345
01123,South,East South Central,41311
01125,South,East South Central,227036
01129,South,East South Central,15388
01131,South,East South Central,10600
06001,West,Pacific,1682353
06003,West,Pacific,1204
06007,West,Pacific,211632
06011,West,Pacific,21839
06013,West,Pacific,1165927
06017,West,Pacific,191185
06019,West,Pacific,1008654
01017,South,East South Central,34772
06023,West,Pacific,136463
06025,West,Pacific,179702
06029,West,Pacific,909235
06031,West,Pacific,152486
06035,West,Pacific,32730
06039,West,Pacific,156255
06041,West,Pacific,262321
06043,West,Pacific,17131
06045,West,Pacific,91601
06047,West,Pacific,281202
06049,West,Pacific,8700
27027,Midwest,West North Central,65318
27029,Midwest,West North Central,8524
27031,Midwest,West North Central,5600
27033,Midwest,West North Central,11517
27035,Midwest,West North Central,66123
27037,Midwest,West North Central,439882
27039,Midwest,West North Central,20867
27041,Midwest,West North Central,39006
27043,Midwest,West North Central,13921
27045,Midwest,West North Central,21228
27049,Midwest,West North Central,47582
27051,Midwest,West North Central,6074
27055,Midwest,West North Central,18843
27057,Midwest,West North Central,21344
27061,Midwest,West North Central,45014
27065,Midwest,West North Central,16032
27067,Midwest,West North Central,43732
27071,Midwest,West North Central,12062
27073,Midwest,West North Central,6719
27077,Midwest,West North Central,3763
27079,Midwest,West North Central,28674
27083,Midwest,West North Central,25269
27085,Midwest,West North Central,36771
27089,Midwest,West North Central,9040
27091,Midwest,West North Central,20025
27095,Midwest,West North Central,26459
27097,Midwest,West North Central,34010
27101,Midwest,West North Central,8179
27103,Midwest,West North Central,34454
27107,Midwest,West North Central,6441
27109,Midwest,West North Central,162847
27113,Midwest,West North Central,13992
27115,Midwest,West North Central,28876
27119,Midwest,West North Central,31192
27121,Midwest,West North Central,11308
27125,Midwest,West North Central,3935
27127,Midwest,West North Central,15425
27131,Midwest,West North Central,67097
27133,Midwest,West North Central,9704
27137,Midwest,West North Central,200231
27139,Midwest,West North Central,150928
27143,Midwest,West North Central,14836
27145,Midwest,West North Central,158292
27149,Midwest,West North Central,9671
27151,Midwest,West North Central,9838
27155,Midwest,West North Central,3360
27157,Midwest,West North Central,21387
27161,Midwest,West North Central,18968
27163,Midwest,West North Central,267568
27167,Midwest,West North Central,6506
27169,Midwest,West North Central,49671
27171,Midwest,West North Central,141337
27173,Midwest,West North Central,9528
29001,Midwest,West North Central,25314
29003,Midwest,West North Central,18135
29005,Midwest,West North Central,5305
29007,Midwest,West North Central,24962
29009,Midwest,West North Central,34534
29011,Midwest,West North Central,11637
51005,South,South Atlantic,15223
51007,South,South Atlantic,13265
51011,South,South Atlantic,16119
51013,South,South Atlantic,238643
51017,South,South Atlantic,4209
51019,South,South Atlantic,79462
51023,South,South Atlantic,33596
51025,South,South Atlantic,15849
51029,South,South Atlantic,16824
51031,South,South Atlantic,55696
51035,South,South Atlantic,29155
51036,South,South Atlantic,6773
51037,South,South Atlantic,11529
51043,South,South Atlantic,14783
51045,South,South Atlantic,4892
51049,South,South Atlantic,9675
51051,South,South Atlantic,14124
51057,South,South Atlantic,10599
51059,South,South Atlantic,1150309
51063,South,South Atlantic,15476
51065,South,South Atlantic,27249
51069,South,South Atlantic,91419
51071,South,South Atlantic,16787
51075,South,South Atlantic,24727
51077,South,South Atlantic,15333
51081,South,South Atlantic,11391
51083,South,South Atlantic,34022
51087,South,South Atlantic,334389
51089,South,South Atlantic,50948
51093,South,South Atlantic,38606
51095,South,South Atlantic,78254
51097,South,South Atlantic,6608
51099,South,South Atlantic,26723
51101,South,South Atlantic,17810
51103,South,South Atlantic,10919
51105,South,South Atlantic,22173
51107,South,South Atlantic,420959
51109,South,South Atlantic,37596
51111,South,South Atlantic,11936
51113,South,South Atlantic,13837
51115,South,South Atlantic,8533
51117,South,South Atlantic,30319
51119,South,South Atlantic,10625
51121,South,South Atlantic,99721
51125,South,South Atlantic,14775
51127,South,South Atlantic,22945
51131,South,South Atlantic,12282
51133,South,South Atlantic,11839
51135,South,South Atlantic,15642
51137,South,South Atlantic,36254
51139,South,South Atlantic,23709
51141,South,South Atlantic,17608
51145,South,South Atlantic,30333
51147,South,South Atlantic,21849
51149,South,South Atlantic,43010
51155,South,South Atlantic,33800
51157,South,South Atlantic,7348
51161,South,South Atlantic,96929
31087,Midwest,West North Central,2616
31093,Midwest,West North Central,6475
31099,Midwest,West North Central,6688
31105,Midwest,West North Central,3434
31111,Midwest,West North Central,34676
31117,Midwest,West North Central,399
31123,Midwest,West North Central,4555
31127,Midwest,West North Central,7074
31175,Midwest,West North Central,4059
31179,Midwest,West North Central,9697
31185,Midwest,West North Central,14125
32005,West,Mountain,49488
32011,West,Mountain,1855
32017,West,Mountain,4499
32023,West,Mountain,51591
32031,West,Mountain,486492
33001,Northeast,New England,63705
33007,Northeast,New England,31268
33013,Northeast,New England,153808
33019,Northeast,New England,43063
22005,South,West South Central,126500
22011,South,West South Central,36549
22017,South,West South Central,237848
22023,South,West South Central,5617
22029,South,West South Central,18687
22035,South,West South Central,7459
22041,South,West South Central,19774
22047,South,West South Central,30241
22053,South,West South Central,32250
22101,South,West South Central,49406
22107,South,West South Central,4147
22111,South,West South Central,21107
22117,South,West South Central,45463
22123,South,West South Central,9751
36003,Northeast,Mid-Atlantic,46456
36009,Northeast,Mid-Atlantic,77042
36015,Northeast,Mid-Atlantic,84148
36021,Northeast,Mid-Atlantic,61570
36027,Northeast,Mid-Atlantic,295911
36031,Northeast,Mid-Atlantic,37381
36037,Northeast,Mid-Atlantic,58388
36043,Northeast,Mid-Atlantic,60139
36049,Northeast,Mid-Atlantic,26582
36055,Northeast,Mid-Atlantic,759443
36061,Northeast,Mid-Atlantic,1694251
36067,Northeast,Mid-Atlantic,476516
36073,Northeast,Mid-Atlantic,40343
36079,Northeast,Mid-Atlantic,97668
36085,Northeast,Mid-Atlantic,495747
37007,South,South Atlantic,22055
37013,South,South Atlantic,44652
37019,South,South Atlantic,136693
37025,South,South Atlantic,225804
37031,South,South Atlantic,67686
37037,South,South Atlantic,76285
37045,South,South Atlantic,99519
37051,South,South Atlantic,334728
37057,South,South Atlantic,168930
06053,West,Pacific,439035
06055,West,Pacific,138019
06057,West,Pacific,102241
06059,West,Pacific,3186989
06061,West,Pacific,404739
06063,West,Pacific,19790
06065,West,Pacific,2418185
06067,West,Pacific,1585055
06069,West,Pacific,64209
06071,West,Pacific,2181654
06073,West,Pacific,3298634
06075,West,Pacific,873965
06077,West,Pacific,779233
06079,West,Pacific,282424
06081,West,Pacific,764442
06085,West,Pacific,1936259
06087,West,Pacific,270861
06091,West,Pacific,3236
06095,West,Pacific,453491
06097,West,Pacific,488863
06101,West,Pacific,99633
06103,West,Pacific,65829
06107,West,Pacific,473117
06109,West,Pacific,55620
06113,West,Pacific,216403
06115,West,Pacific,81575
05003,South,West South Central,19062
05005,South,West South Central,41627
05009,South,West South Central,37373
05013,South,West South Central,4739
05015,South,West South Central,28260
05019,South,West South Central,21446
05021,South,West South Central,14552
05025,South,West South Central,7550
05027,South,West South Central,22801
05031,South,West South Central,111231
05035,South,West South Central,48163
05037,South,West South Central,16833
05041,South,West South Central,11395
05043,South,West South Central,17350
05047,South,West South Central,17097
05049,South,West South Central,12075
05053,South,West South Central,17958
05057,South,West South Central,20065
05059,South,West South Central,33040
05063,South,West South Central,37938
05065,South,West South Central,13577
06051,West,Pacific,13195
05069,South,West South Central,67260
05071,South,West South Central,25749
05075,South,West South Central,16216
05079,South,West South Central,12941
05081,South,West South Central,12026
05085,South,West South Central,74015
05087,South,West South Central,16521
05091,South,West South Central,42600
05095,South,West South Central,6799
05097,South,West South Central,8484
29013,Midwest,West North Central,16042
29015,Midwest,West North Central,19394
29017,Midwest,West North Central,10567
29019,Midwest,West North Central,183610
29021,Midwest,West North Central,84793
29023,Midwest,West North Central,42130
29025,Midwest,West North Central,8815
29027,Midwest,West North Central,44283
29029,Midwest,West North Central,42745
29031,Midwest,West North Central,81710
29033,Midwest,West North Central,8495
29035,Midwest,West North Central,5202
29039,Midwest,West North Central,14188
29041,Midwest,West North Central,7408
29045,Midwest,West North Central,6634
29047,Midwest,West North Central,253335
29051,Midwest,West North Central,77279
29053,Midwest,West North Central,17103
29057,Midwest,West North Central,7569
29059,Midwest,West North Central,17071
29063,Midwest,West North Central,11029
29065,Midwest,West North Central,14421
29069,Midwest,West North Central,28283
29071,Midwest,West North Central,104682
29075,Midwest,West North Central,6162
29077,Midwest,West North Central,298915
29081,Midwest,West North Central,8157
29083,Midwest,West North Central,21946
29087,Midwest,West North Central,4223
29089,Midwest,West North Central,10151
29093,Midwest,West North Central,9537
29095,Midwest,West North Central,717204
29099,Midwest,West North Central,226739
29103,Midwest,West North Central,3744
29105,Midwest,West North Central,36039
29109,Midwest,West North Central,38001
29111,Midwest,West North Central,10032
29115,Midwest,West North Central,11874
29117,Midwest,West North Central,14557
29121,Midwest,West North Central,15209
29123,Midwest,West North Central,12626
29127,Midwest,West North Central,28525
29129,Midwest,West North Central,3538
29133,Midwest,West North Central,12577
29135,Midwest,West North Central,15473
29139,Midwest,West North Central,11322
29141,Midwest,West North Central,21006
29145,Midwest,West North Central,58648
29147,Midwest,West North Central,21241
29151,Midwest,West North Central,13274
29153,Midwest,West North Central,8553
29157,Midwest,West North Central,18956
29159,Midwest,West North Central,42980
29161,Midwest,West North Central,44638
29163,Midwest,West North Central,17587
29165,Midwest,West North Central,106718
29167,Midwest,West North Central,31519
29169,Midwest,West North Central,53955
29171,Midwest,West North Central,4681
51163,South,South Atlantic,22650
51167,South,South Atlantic,25781
51169,South,South Atlantic,21576
51173,South,South Atlantic,29800
51175,South,South Atlantic,17996
51179,South,South Atlantic,156927
51181,South,South Atlantic,6561
51185,South,South Atlantic,40429
51187,South,South Atlantic,40727
51193,South,South Atlantic,18477
51195,South,South Atlantic,36130
51199,South,South Atlantic,70045
51510,South,South Atlantic,159467
51530,South,South Atlantic,6641
51540,South,South Atlantic,46553
51570,South,South Atlantic,18170
51580,South,South Atlantic,5737
51590,South,South Atlantic,42590
51600,South,South Atlantic,24146
51610,South,South Atlantic,14658
51630,South,South Atlantic,27982
51640,South,South Atlantic,6720
51660,South,South Atlantic,51814
51670,South,South Atlantic,23033
51680,South,South Atlantic,79009
51683,South,South Atlantic,42772
51690,South,South Atlantic,13485
51700,South,South Atlantic,186247
51720,South,South Atlantic,3687
51730,South,South Atlantic,33458
51740,South,South Atlantic,97915
51750,South,South Atlantic,16070
51770,South,South Atlantic,100011
51775,South,South Atlantic,25346
51790,South,South Atlantic,25750
51800,South,South Atlantic,94324
51810,South,South Atlantic,459470
51820,South,South Atlantic,22196
51830,South,South Atlantic,15425
51840,South,South Atlantic,28120
53001,West,Pacific,20613
53003,West,Pacific,22285
53005,West,Pacific,206873
53007,West,Pacific,79074
53009,West,Pacific,77155
53011,West,Pacific,503311
53013,West,Pacific,3952
53015,West,Pacific,110730
53017,West,Pacific,42938
53019,West,Pacific,7178
53021,West,Pacific,96749
53023,West,Pacific,2286
53025,West,Pacific,99123
53027,West,Pacific,75636
53029,West,Pacific,86857
53033,West,Pacific,2269675
53035,West,Pacific,275611
53037,West,Pacific,44337
53041,West,Pacific,82149
37063,South,South Atlantic,324833
37069,South,South Atlantic,68573
37075,South,South Atlantic,8030
37081,South,South Atlantic,541299
37087,South,South Atlantic,62089
37095,South,South Atlantic,4589
37101,South,South Atlantic,215999
37107,South,South Atlantic,55122
37113,South,South Atlantic,37014
37119,South,South Atlantic,1115482
37167,South,South Atlantic,62504
37173,South,South Atlantic,14117
37179,South,South Atlantic,238267
37185,South,South Atlantic,18642
37191,South,South Atlantic,117333
37197,South,South Atlantic,37214
34003,Northeast,Mid-Atlantic,955732
34009,Northeast,Mid-Atlantic,95263
34015,Northeast,Mid-Atlantic,302294
34021,Northeast,Mid-Atlantic,387340
34027,Northeast,Mid-Atlantic,509285
34033,Northeast,Mid-Atlantic,64837
34039,Northeast,Mid-Atlantic,575345
18003,Midwest,East North Central,385410
18009,Midwest,East North Central,12112
18015,Midwest,East North Central,20306
18021,Midwest,East North Central,26466
18027,Midwest,East North Central,33381
18033,Midwest,East North Central,43265
18039,Midwest,East North Central,207047
18085,Midwest,East North Central,80240
18091,Midwest,East North Central,112417
18097,Midwest,East North Central,977203
18103,Midwest,East North Central,35962
18109,Midwest,East North Central,71780
18115,Midwest,East North Central,5940
18121,Midwest,East North Central,16156
18127,Midwest,East North Central,173215
18133,Midwest,East North Central,36726
18139,Midwest,East North Central,16752
18143,Midwest,East North Central,24384
18149,Midwest,East North Central,23371
18155,Midwest,East North Central,9737
18161,Midwest,East North Central,7087
18167,Midwest,East North Central,106153
18173,Midwest,East North Central,63898
18179,Midwest,East North Central,28180
25001,Northeast,New England,228996
25007,Northeast,New England,20600
25013,Northeast,New England,465825
25019,Northeast,New England,14255
39037,Midwest,East North Central,51881
39043,Midwest,East North Central,75622
39049,Midwest,East North Central,1323807
39055,Midwest,East North Central,95397
39061,Midwest,East North Central,830639
39067,Midwest,East North Central,14483
39071,Midwest,East North Central,43317
39077,Midwest,East North Central,58565
05099,South,West South Central,8310
05101,South,West South Central,7225
05103,South,West South Central,22650
05105,South,West South Central,10019
05107,South,West South Central,16568
05109,South,West South Central,10171
05111,South,West South Central,22965
05113,South,West South Central,19221
05115,South,West South Central,63381
05117,South,West South Central,8282
05119,South,West South Central,399125
05121,South,West South Central,18571
05123,South,West South Central,23090
05125,South,West South Central,123416
05127,South,West South Central,9836
05129,South,West South Central,7828
05131,South,West South Central,127799
05133,South,West South Central,15839
05135,South,West South Central,17271
05137,South,West South Central,12359
05139,South,West South Central,39054
05143,South,West South Central,245871
05145,South,West South Central,76822
05149,South,West South Central,20263
09003,Northeast,New England,899498
09005,Northeast,New England,185186
09009,Northeast,New England,864835
09011,Northeast,New England,268555
09015,Northeast,New England,116418
11001,South,South Atlantic,689545
02016,West,Pacific,5232
02020,West,Pacific,291247
02060,West,Pacific,844
02063,West,Pacific,7102
02068,West,Pacific,1619
02070,West,Pacific,4857
02100,West,Pacific,2080
02105,West,Pacific,2365
02122,West,Pacific,58799
02130,West,Pacific,13948
02158,West,Pacific,8368
02170,West,Pacific,107081
02180,West,Pacific,10046
02188,West,Pacific,7793
02195,West,Pacific,3398
02220,West,Pacific,8458
02230,West,Pacific,1240
02275,West,Pacific,2127
02282,West,Pacific,662
02290,West,Pacific,5343
08003,West,Mountain,16376
08007,West,Mountain,13359
08009,West,Mountain,3506
08013,West,Mountain,330758
08014,West,Mountain,74112
08017,West,Mountain,1748
08021,West,Mountain,7461
08023,West,Mountain,3499
29173,Midwest,West North Central,10355
29175,Midwest,West North Central,24716
29177,Midwest,West North Central,23158
29179,Midwest,West North Central,6096
29181,Midwest,West North Central,10679
29183,Midwest,West North Central,405262
29185,Midwest,West North Central,9284
29186,Midwest,West North Central,18479
29187,Midwest,West North Central,66922
29189,Midwest,West North Central,1004125
29195,Midwest,West North Central,23333
29197,Midwest,West North Central,4032
29199,Midwest,West North Central,4716
29201,Midwest,West North Central,38059
29205,Midwest,West North Central,6103
29207,Midwest,West North Central,28672
29211,Midwest,West North Central,5999
29213,Midwest,West North Central,56066
29217,Midwest,West North Central,19707
29219,Midwest,West North Central,35532
29223,Midwest,West North Central,10974
29225,Midwest,West North Central,39085
29229,Midwest,West North Central,18188
12001,South,South Atlantic,278468
12003,South,South Atlantic,28259
12007,South,South Atlantic,28303
12009,South,South Atlantic,606612
12013,South,South Atlantic,13648
12015,South,South Atlantic,186847
12019,South,South Atlantic,218245
12021,South,South Atlantic,375752
12027,South,South Atlantic,33976
12029,South,South Atlantic,16759
12033,South,South Atlantic,321905
12035,South,South Atlantic,115378
12039,South,South Atlantic,43826
12041,South,South Atlantic,17864
12045,South,South Atlantic,14192
12047,South,South Atlantic,14004
12051,South,South Atlantic,39619
12053,South,South Atlantic,194515
12057,South,South Atlantic,1459762
12059,South,South Atlantic,19653
12063,South,South Atlantic,47319
12065,South,South Atlantic,14510
12069,South,South Atlantic,383956
12071,South,South Atlantic,760822
12075,South,South Atlantic,42915
12079,South,South Atlantic,17968
12081,South,South Atlantic,399710
12085,South,South Atlantic,158431
12086,South,South Atlantic,2701767
12089,South,South Atlantic,90352
12091,South,South Atlantic,211668
12095,South,South Atlantic,1429908
12097,South,South Atlantic,388656
12099,South,South Atlantic,1492191
12101,South,South Atlantic,561891
12103,South,South Atlantic,959107
53043,West,Pacific,10876
53047,West,Pacific,42104
53049,West,Pacific,23365
53053,West,Pacific,921130
53055,West,Pacific,17788
53059,West,Pacific,12036
53061,West,Pacific,827957
53065,West,Pacific,46445
53067,West,Pacific,294793
53071,West,Pacific,62584
53073,West,Pacific,226847
53077,West,Pacific,256728
54001,South,South Atlantic,15465
54005,South,South Atlantic,21809
54007,South,South Atlantic,12447
54011,South,South Atlantic,94350
54013,South,South Atlantic,6229
54015,South,South Atlantic,8051
54019,South,South Atlantic,40488
54021,South,South Atlantic,7408
54025,South,South Atlantic,32977
54027,South,South Atlantic,23093
54031,South,South Atlantic,14299
54033,South,South Atlantic,65921
54037,South,South Atlantic,57701
54039,South,South Atlantic,180745
54043,South,South Atlantic,20463
54045,South,South Atlantic,32567
54049,South,South Atlantic,56205
54051,South,South Atlantic,30591
54055,South,South Atlantic,59664
54057,South,South Atlantic,26938
54061,South,South Atlantic,105822
54063,South,South Atlantic,12376
54067,South,South Atlantic,24604
54069,South,South Atlantic,42425
54071,South,South Atlantic,6143
54073,South,South Atlantic,7653
54075,South,South Atlantic,7869
54077,South,South Atlantic,34216
54079,South,South Atlantic,57440
54081,South,South Atlantic,74591
54083,South,South Atlantic,27932
54085,South,South Atlantic,8444
54087,South,South Atlantic,14028
54089,South,South Atlantic,11959
54091,South,South Atlantic,16705
54093,South,South Atlantic,6762
54095,South,South Atlantic,8313
54097,South,South Atlantic,23816
54099,South,South Atlantic,38982
54101,South,South Atlantic,8378
54103,South,South Atlantic,14442
54105,South,South Atlantic,5194
54107,South,South Atlantic,84296
54109,South,South Atlantic,21382
55003,Midwest,East North Central,16027
08027,West,Mountain,4704
08029,West,Mountain,31196
08033,West,Mountain,2326
08035,West,Mountain,357978
08037,West,Mountain,55731
08039,West,Mountain,26062
08041,West,Mountain,730395
08043,West,Mountain,48939
08045,West,Mountain,61685
08047,West,Mountain,5808
08049,West,Mountain,15717
08051,West,Mountain,16918
08053,West,Mountain,788
08055,West,Mountain,6820
08057,West,Mountain,1379
08059,West,Mountain,582910
08061,West,Mountain,1446
08063,West,Mountain,7087
08065,West,Mountain,7436
08067,West,Mountain,55638
08069,West,Mountain,359066
08071,West,Mountain,14555
08073,West,Mountain,5675
08075,West,Mountain,21528
08077,West,Mountain,155703
08081,West,Mountain,13292
08083,West,Mountain,25849
08087,West,Mountain,29111
08091,West,Mountain,4874
08093,West,Mountain,17390
08097,West,Mountain,17358
08099,West,Mountain,11999
08103,West,Mountain,6529
08105,West,Mountain,11539
08109,West,Mountain,6368
08113,West,Mountain,8072
08115,West,Mountain,2404
08119,West,Mountain,24710
08121,West,Mountain,4817
08125,West,Mountain,9988
10003,South,South Atlantic,570719
10005,South,South Atlantic,237378
30003,West,Mountain,13124
30005,West,Mountain,7044
30009,West,Mountain,10473
30011,West,Mountain,1415
30015,West,Mountain,5895
30019,West,Mountain,1661
30021,West,Mountain,8940
30025,West,Mountain,3049
30027,West,Mountain,11446
30031,West,Mountain,118960
30033,West,Mountain,1173
30037,West,Mountain,823
30041,West,Mountain,16309
30043,West,Mountain,12085
30047,West,Mountain,31134
30049,West,Mountain,70973
30053,West,Mountain,19677
12107,South,South Atlantic,73321
12109,South,South Atlantic,273425
12111,South,South Atlantic,329226
12113,South,South Atlantic,188000
12115,South,South Atlantic,434006
12117,South,South Atlantic,470856
12119,South,South Atlantic,129752
12121,South,South Atlantic,43474
12123,South,South Atlantic,21796
12125,South,South Atlantic,16147
12127,South,South Atlantic,553543
12129,South,South Atlantic,33764
12131,South,South Atlantic,75305
12133,South,South Atlantic,25318
31001,Midwest,West North Central,31205
31003,Midwest,West North Central,6295
31007,Midwest,West North Central,674
31009,Midwest,West North Central,431
31013,Midwest,West North Central,10842
31015,Midwest,West North Central,1810
31019,Midwest,West North Central,50084
31021,Midwest,West North Central,6722
31025,Midwest,West North Central,26598
31027,Midwest,West North Central,8380
31031,Midwest,West North Central,5455
31033,Midwest,West North Central,9468
31037,Midwest,West North Central,10582
31041,Midwest,West North Central,10545
31043,Midwest,West North Central,21582
31047,Midwest,West North Central,24111
31049,Midwest,West North Central,1838
31053,Midwest,West North Central,37167
31055,Midwest,West North Central,584526
31059,Midwest,West North Central,5551
31061,Midwest,West North Central,2889
31065,Midwest,West North Central,4636
31067,Midwest,West North Central,21704
31071,Midwest,West North Central,1813
31073,Midwest,West North Central,1893
31077,Midwest,West North Central,2188
31079,Midwest,West North Central,62895
31083,Midwest,West North Central,3073
31085,Midwest,West North Central,856
31089,Midwest,West North Central,10127
31091,Midwest,West North Central,711
31095,Midwest,West North Central,7240
31097,Midwest,West North Central,5290
31101,Midwest,West North Central,8335
31103,Midwest,West North Central,769
12105,South,South Atlantic,725046
31107,Midwest,West North Central,8391
31109,Midwest,West North Central,322608
31113,Midwest,West North Central,716
31115,Midwest,West North Central,607
31119,Midwest,West North Central,35585
31121,Midwest,West North Central,7668
31125,Midwest,West North Central,3380
31129,Midwest,West North Central,4095
31131,Midwest,West North Central,15912
55005,Midwest,East North Central,46711
55009,Midwest,East North Central,268740
55011,Midwest,East North Central,13317
55015,Midwest,East North Central,52442
55017,Midwest,East North Central,66297
55021,Midwest,East North Central,58490
55023,Midwest,East North Central,16113
55027,Midwest,East North Central,89396
55029,Midwest,East North Central,30066
55033,Midwest,East North Central,45440
55035,Midwest,East North Central,105710
55039,Midwest,East North Central,104154
55041,Midwest,East North Central,9179
55045,Midwest,East North Central,37093
55047,Midwest,East North Central,19018
55051,Midwest,East North Central,6137
55053,Midwest,East North Central,21145
55057,Midwest,East North Central,26718
55059,Midwest,East North Central,169151
55063,Midwest,East North Central,120784
55065,Midwest,East North Central,16611
55069,Midwest,East North Central,28415
55071,Midwest,East North Central,81359
55075,Midwest,East North Central,41872
55077,Midwest,East North Central,15592
55079,Midwest,East North Central,939489
55081,Midwest,East North Central,46274
55083,Midwest,East North Central,38965
55087,Midwest,East North Central,190705
55089,Midwest,East North Central,91503
55093,Midwest,East North Central,42212
55095,Midwest,East North Central,44977
55099,Midwest,East North Central,14054
55101,Midwest,East North Central,197727
55105,Midwest,East North Central,163687
55107,Midwest,East North Central,14188
55111,Midwest,East North Central,65763
55113,Midwest,East North Central,18074
55115,Midwest,East North Central,40881
55117,Midwest,East North Central,118034
55119,Midwest,East North Central,19913
55121,Midwest,East North Central,30760
55123,Midwest,East North Central,30714
55125,Midwest,East North Central,23047
55127,Midwest,East North Central,106478
55129,Midwest,East North Central,16623
55131,Midwest,East North Central,136761
55133,Midwest,East North Central,406978
55135,Midwest,East North Central,51812
55137,Midwest,East North Central,24520
55139,Midwest,East North Central,171730
55141,Midwest,East North Central,74207
56001,West,Mountain,37066
56003,West,Mountain,11521
56005,West,Mountain,47026
56007,West,Mountain,14537
56009,West,Mountain,13751
56011,West,Mountain,7181
56013,West,Mountain,39234
30055,West,Mountain,1729
30059,West,Mountain,1927
30061,West,Mountain,4535
30065,West,Mountain,4730
30069,West,Mountain,496
30071,West,Mountain,4217
30075,West,Mountain,1694
30077,West,Mountain,6946
30079,West,Mountain,1088
30081,West,Mountain,44174
30083,West,Mountain,11491
30085,West,Mountain,10794
30087,West,Mountain,8329
30089,West,Mountain,12400
30091,West,Mountain,3539
30093,West,Mountain,35133
30095,West,Mountain,8963
30097,West,Mountain,3678
30099,West,Mountain,6226
30101,West,Mountain,4971
30103,West,Mountain,762
30105,West,Mountain,7578
30107,West,Mountain,2069
30109,West,Mountain,937
30111,West,Mountain,164731
13001,South,South Atlantic,18444
13003,South,South Atlantic,8286
13005,South,South Atlantic,11140
13007,South,South Atlantic,2876
13011,South,South Atlantic,18035
13013,South,South Atlantic,83505
13017,South,South Atlantic,17194
13021,South,South Atlantic,157346
13023,South,South Atlantic,12583
13027,South,South Atlantic,16301
13029,South,South Atlantic,44738
13033,South,South Atlantic,24596
13035,South,South Atlantic,25434
13039,South,South Atlantic,54768
13045,South,South Atlantic,119148
13047,South,South Atlantic,67872
13051,South,South Atlantic,295291
13053,South,South Atlantic,9565
13057,South,South Atlantic,266620
13059,South,South Atlantic,128671
13063,South,South Atlantic,297595
13067,South,South Atlantic,766149
13069,South,South Atlantic,43092
13073,South,South Atlantic,156010
13075,South,South Atlantic,17229
13079,South,South Atlantic,12130
13081,South,South Atlantic,20128
13085,South,South Atlantic,26798
13089,South,South Atlantic,764382
13091,South,South Atlantic,19925
13095,South,South Atlantic,85790
13097,South,South Atlantic,144237
13101,South,South Atlantic,3697
13105,South,South Atlantic,19637
31133,Midwest,West North Central,2544
31135,Midwest,West North Central,2858
31137,Midwest,West North Central,8968
31139,Midwest,West North Central,7317
31141,Midwest,West North Central,34296
31143,Midwest,West North Central,5214
31145,Midwest,West North Central,10702
31147,Midwest,West North Central,7871
31149,Midwest,West North Central,1262
31151,Midwest,West North Central,14292
31153,Midwest,West North Central,190604
31155,Midwest,West North Central,22278
31157,Midwest,West North Central,36084
31159,Midwest,West North Central,17609
31161,Midwest,West North Central,5127
31163,Midwest,West North Central,2959
31165,Midwest,West North Central,1135
31167,Midwest,West North Central,5842
31169,Midwest,West North Central,5034
31171,Midwest,West North Central,669
31173,Midwest,West North Central,6773
31177,Midwest,West North Central,20865
31181,Midwest,West North Central,3395
31183,Midwest,West North Central,774
32001,West,Mountain,25516
32003,West,Mountain,2265461
32007,West,Mountain,53702
32009,West,Mountain,729
32013,West,Mountain,17285
32015,West,Mountain,5734
32019,West,Mountain,59235
32021,West,Mountain,4554
32027,West,Mountain,6650
32029,West,Mountain,4104
32033,West,Mountain,9080
32510,West,Mountain,58639
33003,Northeast,New England,50107
33005,Northeast,New England,76458
33009,Northeast,New England,91118
33011,Northeast,New England,422937
33015,Northeast,New England,314176
33017,Northeast,New England,130889
22001,South,West South Central,57576
22003,South,West South Central,22750
22007,South,West South Central,21039
22009,South,West South Central,39693
22013,South,West South Central,12981
22015,South,West South Central,128746
22019,South,West South Central,216785
22021,South,West South Central,9645
22025,South,West South Central,8906
22027,South,West South Central,14170
22031,South,West South Central,26812
22033,South,West South Central,456781
22037,South,West South Central,19539
22039,South,West South Central,32350
22043,South,West South Central,22169
22045,South,West South Central,69929
22049,South,West South Central,15031
56015,West,Mountain,12498
56019,West,Mountain,8447
56021,West,Mountain,100512
56023,West,Mountain,19581
56027,West,Mountain,2467
56029,West,Mountain,29624
56033,West,Mountain,30921
56035,West,Mountain,8728
56039,West,Mountain,23331
56041,West,Mountain,20450
56045,West,Mountain,6838
13107,South,South Atlantic,22768
13111,South,South Atlantic,25319
13113,South,South Atlantic,119194
13117,South,South Atlantic,251283
13121,South,South Atlantic,1066710
13123,South,South Atlantic,31353
13127,South,South Atlantic,84499
13129,South,South Atlantic,57544
13133,South,South Atlantic,18915
13135,South,South Atlantic,957062
13139,South,South Atlantic,203136
13143,South,South Atlantic,29919
13145,South,South Atlantic,34668
13147,South,South Atlantic,25828
13149,South,South Atlantic,11412
13151,South,South Atlantic,240712
13153,South,South Atlantic,163633
13155,South,South Atlantic,9666
13157,South,South Atlantic,75907
13159,South,South Atlantic,14588
13161,South,South Atlantic,14779
13163,South,South Atlantic,15709
13165,South,South Atlantic,8674
13167,South,South Atlantic,9189
13169,South,South Atlantic,28347
13171,South,South Atlantic,18500
13173,South,South Atlantic,9877
13175,South,South Atlantic,49570
13177,South,South Atlantic,33163
13179,South,South Atlantic,65256
13181,South,South Atlantic,7690
13183,South,South Atlantic,16168
13187,South,South Atlantic,33488
13191,South,South Atlantic,10975
13193,South,South Atlantic,12082
13197,South,South Atlantic,7498
13199,South,South Atlantic,20613
13205,South,South Atlantic,21755
13209,South,South Atlantic,8610
13211,South,South Atlantic,20097
13215,South,South Atlantic,206922
13217,South,South Atlantic,112483
13221,South,South Atlantic,14825
13223,South,South Atlantic,168661
13227,South,South Atlantic,33216
13231,South,South Atlantic,18889
13233,South,South Atlantic,42853
13237,South,South Atlantic,22047
13239,South,South Atlantic,2235
13243,South,South Atlantic,6425
13247,South,South Atlantic,93570
13249,South,South Atlantic,4547
13253,South,South Atlantic,9147
13255,South,South Atlantic,67306
13259,South,South Atlantic,5314
13261,South,South Atlantic,29616
13265,South,South Atlantic,1559
13269,South,South Atlantic,7816
13271,South,South Atlantic,12477
13275,South,South Atlantic,45798
22051,South,West South Central,440781
22055,South,West South Central,241753
22057,South,West South Central,97557
22059,South,West South Central,14791
22061,South,West South Central,48396
22063,South,West South Central,142282
22065,South,West South Central,10017
22067,South,West South Central,25629
22069,South,West South Central,37515
22071,South,West South Central,383997
22073,South,West South Central,160368
22075,South,West South Central,23515
22077,South,West South Central,20758
22079,South,West South Central,130023
22081,South,West South Central,7620
22083,South,West South Central,20043
22085,South,West South Central,22155
22087,South,West South Central,43764
22089,South,West South Central,52549
22091,South,West South Central,10920
22093,South,West South Central,20192
22095,South,West South Central,42477
22097,South,West South Central,82540
22099,South,West South Central,51767
22103,South,West South Central,264570
22105,South,West South Central,133157
22109,South,West South Central,109580
22113,South,West South Central,57359
22115,South,West South Central,48750
22119,South,West South Central,36967
22121,South,West South Central,27199
22125,South,West South Central,15310
22127,South,West South Central,13755
36001,Northeast,Mid-Atlantic,314848
36005,Northeast,Mid-Atlantic,1472654
36007,Northeast,Mid-Atlantic,198683
36011,Northeast,Mid-Atlantic,76248
36013,Northeast,Mid-Atlantic,127657
36017,Northeast,Mid-Atlantic,47220
36019,Northeast,Mid-Atlantic,79843
36023,Northeast,Mid-Atlantic,46809
36025,Northeast,Mid-Atlantic,44308
36029,Northeast,Mid-Atlantic,954236
36033,Northeast,Mid-Atlantic,47555
36035,Northeast,Mid-Atlantic,53324
36039,Northeast,Mid-Atlantic,47931
36041,Northeast,Mid-Atlantic,5107
36045,Northeast,Mid-Atlantic,116721
36047,Northeast,Mid-Atlantic,2736074
36051,Northeast,Mid-Atlantic,61834
36053,Northeast,Mid-Atlantic,68016
36057,Northeast,Mid-Atlantic,49532
36059,Northeast,Mid-Atlantic,1395774
36063,Northeast,Mid-Atlantic,212666
36065,Northeast,Mid-Atlantic,232125
36069,Northeast,Mid-Atlantic,112458
36071,Northeast,Mid-Atlantic,401310
36075,Northeast,Mid-Atlantic,117525
48001,South,West South Central,57922
48005,South,West South Central,86395
48007,South,West South Central,23830
48011,South,West South Central,1848
48013,South,West South Central,48981
48017,South,West South Central,6904
48019,South,West South Central,20851
48023,South,West South Central,3465
48025,South,West South Central,31047
48029,South,West South Central,2009324
48031,South,West South Central,11374
48035,South,West South Central,18235
48039,South,West South Central,372031
48041,South,West South Central,233849
48045,South,West South Central,1435
48047,South,West South Central,7076
48051,South,West South Central,17642
48053,South,West South Central,49130
48057,South,West South Central,20106
48059,South,West South Central,13708
48063,South,West South Central,12464
48065,South,West South Central,5807
48069,South,West South Central,7371
48071,South,West South Central,46571
48075,South,West South Central,6664
48077,South,West South Central,10218
48081,South,West South Central,3285
48083,South,West South Central,7684
48087,South,West South Central,2652
48089,South,West South Central,20557
48091,South,West South Central,161501
48093,South,West South Central,13594
48095,South,West South Central,3303
48097,South,West South Central,41668
48099,South,West South Central,83093
48101,South,West South Central,1380
48103,South,West South Central,4675
48105,South,West South Central,3098
48107,South,West South Central,5133
48109,South,West South Central,2188
48111,South,West South Central,7115
48113,South,West South Central,2613539
48115,South,West South Central,12456
48117,South,West South Central,18583
48119,South,West South Central,5230
39083,Midwest,East North Central,62721
39089,Midwest,East North Central,178519
39095,Midwest,East North Central,431279
39099,Midwest,East North Central,228614
39105,Midwest,East North Central,22210
39111,Midwest,East North Central,13385
39117,Midwest,East North Central,34950
39123,Midwest,East North Central,40364
39129,Midwest,East North Central,58539
13281,South,South Atlantic,12493
13283,South,South Atlantic,6406
13287,South,South Atlantic,9006
13291,South,South Atlantic,24632
13293,South,South Atlantic,27700
13297,South,South Atlantic,96673
13299,South,South Atlantic,36251
13303,South,South Atlantic,19988
13307,South,South Atlantic,2348
13309,South,South Atlantic,7471
13313,South,South Atlantic,102864
13315,South,South Atlantic,8766
13319,South,South Atlantic,8877
15001,West,Pacific,200629
15003,West,Pacific,1016508
15005,West,Pacific,82
15007,West,Pacific,73298
15009,West,Pacific,164754
16001,West,Mountain,494967
16003,West,Mountain,4379
16005,West,Mountain,87018
16007,West,Mountain,6372
16009,West,Mountain,9530
16011,West,Mountain,47992
16013,West,Mountain,24272
16015,West,Mountain,7610
16017,West,Mountain,47110
16019,West,Mountain,123964
16021,West,Mountain,12056
16023,West,Mountain,2574
16025,West,Mountain,1077
16027,West,Mountain,231105
16029,West,Mountain,7027
16031,West,Mountain,24655
16033,West,Mountain,790
16037,West,Mountain,4275
16041,West,Mountain,14194
16043,West,Mountain,13388
16047,West,Mountain,15598
16049,West,Mountain,16541
16053,West,Mountain,24237
16057,West,Mountain,39517
16059,West,Mountain,7974
16063,West,Mountain,5127
16065,West,Mountain,52913
16069,West,Mountain,42090
16073,West,Mountain,11913
13277,South,South Atlantic,41344
16075,West,Mountain,25386
16079,West,Mountain,13169
16081,West,Mountain,11630
16085,West,Mountain,11746
16087,West,Mountain,10500
17003,Midwest,East North Central,5240
17007,Midwest,East North Central,53448
17009,Midwest,East North Central,6244
17013,Midwest,East North Central,4437
17015,Midwest,East North Central,15702
17019,Midwest,East North Central,205865
17023,Midwest,East North Central,15455
36077,Northeast,Mid-Atlantic,58524
36081,Northeast,Mid-Atlantic,2405464
36083,Northeast,Mid-Atlantic,161130
36087,Northeast,Mid-Atlantic,338329
36089,Northeast,Mid-Atlantic,108505
36091,Northeast,Mid-Atlantic,235509
36093,Northeast,Mid-Atlantic,158061
36095,Northeast,Mid-Atlantic,29714
36097,Northeast,Mid-Atlantic,17898
36099,Northeast,Mid-Atlantic,33814
36101,Northeast,Mid-Atlantic,93584
36103,Northeast,Mid-Atlantic,1525920
36105,Northeast,Mid-Atlantic,78624
36107,Northeast,Mid-Atlantic,48455
36109,Northeast,Mid-Atlantic,105740
36111,Northeast,Mid-Atlantic,181851
36113,Northeast,Mid-Atlantic,65737
36115,Northeast,Mid-Atlantic,61302
36117,Northeast,Mid-Atlantic,91283
36119,Northeast,Mid-Atlantic,1004457
36121,Northeast,Mid-Atlantic,40531
36123,Northeast,Mid-Atlantic,24774
37001,South,South Atlantic,171415
37003,South,South Atlantic,36444
37005,South,South Atlantic,10888
37009,South,South Atlantic,26577
37011,South,South Atlantic,17806
37015,South,South Atlantic,17934
37017,South,South Atlantic,29606
37021,South,South Atlantic,269452
37023,South,South Atlantic,87570
37027,South,South Atlantic,80652
37029,South,South Atlantic,10355
37033,South,South Atlantic,22736
37035,South,South Atlantic,160610
37039,South,South Atlantic,28774
37041,South,South Atlantic,13708
37043,South,South Atlantic,11089
37047,South,South Atlantic,50623
37049,South,South Atlantic,100720
37053,South,South Atlantic,28100
37055,South,South Atlantic,36915
37059,South,South Atlantic,42712
37061,South,South Atlantic,48715
37065,South,South Atlantic,48900
37067,South,South Atlantic,382590
37071,South,South Atlantic,227943
37073,South,South Atlantic,10478
37077,South,South Atlantic,60992
37079,South,South Atlantic,20451
37083,South,South Atlantic,48622
37085,South,South Atlantic,133568
37089,South,South Atlantic,116281
37091,South,South Atlantic,21552
37093,South,South Atlantic,52082
37097,South,South Atlantic,186693
37099,South,South Atlantic,43109
48121,South,West South Central,906422
48123,South,West South Central,19824
48125,South,West South Central,1770
48127,South,West South Central,8615
48129,South,West South Central,3258
48131,South,West South Central,9831
48135,South,West South Central,165171
48137,South,West South Central,1422
48141,South,West South Central,865657
48143,South,West South Central,42545
48147,South,West South Central,35662
48149,South,West South Central,24435
48153,South,West South Central,5402
48155,South,West South Central,1095
48159,South,West South Central,10359
48161,South,West South Central,19435
48165,South,West South Central,21598
48169,South,West South Central,5816
48171,South,West South Central,26725
48175,South,West South Central,7012
48177,South,West South Central,19653
48181,South,West South Central,135543
48183,South,West South Central,124239
48187,South,West South Central,172706
48189,South,West South Central,32522
48193,South,West South Central,8222
48195,South,West South Central,5285
48199,South,West South Central,56231
48201,South,West South Central,4731145
48205,South,West South Central,5382
48207,South,West South Central,5416
48211,South,West South Central,3382
48213,South,West South Central,82150
48217,South,West South Central,35874
48219,South,West South Central,21537
48223,South,West South Central,36787
48225,South,West South Central,22066
48229,South,West South Central,3202
48231,South,West South Central,99956
48235,South,West South Central,1513
48237,South,West South Central,8472
48241,South,West South Central,32980
48243,South,West South Central,1996
48247,South,West South Central,4838
48249,South,West South Central,38891
48253,South,West South Central,19663
48255,South,West South Central,14710
48257,South,West South Central,145310
48259,South,West South Central,44279
48261,South,West South Central,350
48263,South,West South Central,753
48265,South,West South Central,52598
48267,South,West South Central,4286
48269,South,West South Central,265
48271,South,West South Central,3129
48273,South,West South Central,31040
48275,South,West South Central,3353
48277,South,West South Central,50088
48279,South,West South Central,13045
48281,South,West South Central,21627
48283,South,West South Central,6664
39133,Midwest,East North Central,161791
39139,Midwest,East North Central,124936
39145,Midwest,East North Central,74008
39151,Midwest,East North Central,374853
39157,Midwest,East North Central,93263
39163,Midwest,East North Central,12800
40033,South,West South Central,5527
40039,South,West South Central,28513
40045,South,West South Central,3749
40051,South,West South Central,54795
40057,South,West South Central,2488
40063,South,West South Central,13367
40069,South,West South Central,10272
40075,South,West South Central,8509
40081,South,West South Central,33458
40087,South,West South Central,41662
40093,South,West South Central,7782
40099,South,West South Central,13904
40105,South,West South Central,9320
40109,South,West South Central,796292
40115,South,West South Central,30285
40121,South,West South Central,43773
40127,South,West South Central,10812
40133,South,West South Central,23556
40139,South,West South Central,21384
40145,South,West South Central,80981
40151,South,West South Central,8624
41003,West,Pacific,95184
41049,West,Pacific,12186
41053,West,Pacific,87433
41059,West,Pacific,80075
41065,West,Pacific,26670
41071,West,Pacific,107722
44005,Northeast,New England,85643
42001,Northeast,Mid-Atlantic,103852
42007,Northeast,Mid-Atlantic,168215
42013,Northeast,Mid-Atlantic,122822
42019,Northeast,Mid-Atlantic,193763
42025,Northeast,Mid-Atlantic,64749
42031,Northeast,Mid-Atlantic,37241
42037,Northeast,Mid-Atlantic,64727
42043,Northeast,Mid-Atlantic,286401
42049,Northeast,Mid-Atlantic,270876
42055,Northeast,Mid-Atlantic,155932
42061,Northeast,Mid-Atlantic,44092
42067,Northeast,Mid-Atlantic,23509
42073,Northeast,Mid-Atlantic,86070
42079,Northeast,Mid-Atlantic,325594
42087,Northeast,Mid-Atlantic,46143
42129,Northeast,Mid-Atlantic,354663
45003,South,South Atlantic,168808
45009,South,South Atlantic,13311
45015,South,South Atlantic,229861
45021,South,South Atlantic,56216
45027,South,South Atlantic,31144
45035,South,South Atlantic,161540
45041,South,South Atlantic,137059
45047,South,South Atlantic,69351
17025,Midwest,East North Central,13288
17029,Midwest,East North Central,46863
17031,Midwest,East North Central,5275541
17035,Midwest,East North Central,10450
17037,Midwest,East North Central,100420
17041,Midwest,East North Central,19740
17045,Midwest,East North Central,16866
17047,Midwest,East North Central,6245
17051,Midwest,East North Central,21488
17053,Midwest,East North Central,13534
17057,Midwest,East North Central,33609
17059,Midwest,East North Central,4946
17063,Midwest,East North Central,52533
17067,Midwest,East North Central,17620
17069,Midwest,East North Central,3649
17073,Midwest,East North Central,49284
17075,Midwest,East North Central,27077
17079,Midwest,East North Central,9287
17081,Midwest,East North Central,37113
17083,Midwest,East North Central,21512
17085,Midwest,East North Central,22035
17087,Midwest,East North Central,13308
17089,Midwest,East North Central,516522
17091,Midwest,East North Central,107502
17093,Midwest,East North Central,131869
17095,Midwest,East North Central,49967
17097,Midwest,East North Central,714342
17099,Midwest,East North Central,109658
17101,Midwest,East North Central,15280
17103,Midwest,East North Central,34145
17105,Midwest,East North Central,35815
17107,Midwest,East North Central,27987
17109,Midwest,East North Central,27238
17111,Midwest,East North Central,310229
17113,Midwest,East North Central,170954
17115,Midwest,East North Central,103998
17117,Midwest,East North Central,44967
17119,Midwest,East North Central,265859
17123,Midwest,East North Central,11742
17125,Midwest,East North Central,13086
17129,Midwest,East North Central,12297
17131,Midwest,East North Central,15699
17135,Midwest,East North Central,28288
17137,Midwest,East North Central,32915
17141,Midwest,East North Central,51788
17145,Midwest,East North Central,20945
17147,Midwest,East North Central,16673
17151,Midwest,East North Central,3763
17153,Midwest,East North Central,5193
17157,Midwest,East North Central,30163
17159,Midwest,East North Central,15813
17163,Midwest,East North Central,257400
17167,Midwest,East North Central,196343
17169,Midwest,East North Central,6902
17173,Midwest,East North Central,20990
17175,Midwest,East North Central,5400
17179,Midwest,East North Central,131343
17181,Midwest,East North Central,17244
17185,Midwest,East North Central,11361
37103,South,South Atlantic,9172
37105,South,South Atlantic,63285
37109,South,South Atlantic,86810
37111,South,South Atlantic,44578
37115,South,South Atlantic,21193
37117,South,South Atlantic,22031
37121,South,South Atlantic,14903
37123,South,South Atlantic,25751
37125,South,South Atlantic,99727
37127,South,South Atlantic,94970
37129,South,South Atlantic,225702
37131,South,South Atlantic,17471
37133,South,South Atlantic,204576
37135,South,South Atlantic,148696
37137,South,South Atlantic,12276
37139,South,South Atlantic,40568
37141,South,South Atlantic,60203
37143,South,South Atlantic,13005
37145,South,South Atlantic,39097
37147,South,South Atlantic,170243
37149,South,South Atlantic,19328
37151,South,South Atlantic,144171
37153,South,South Atlantic,42946
37155,South,South Atlantic,116530
37157,South,South Atlantic,91096
37159,South,South Atlantic,146875
37161,South,South Atlantic,64444
37163,South,South Atlantic,59036
37165,South,South Atlantic,34174
37169,South,South Atlantic,44520
37171,South,South Atlantic,71359
37175,South,South Atlantic,32986
37177,South,South Atlantic,3245
37181,South,South Atlantic,42578
37183,South,South Atlantic,1129410
37187,South,South Atlantic,11003
37189,South,South Atlantic,54086
37193,South,South Atlantic,65969
37195,South,South Atlantic,78784
37199,South,South Atlantic,18470
34001,Northeast,Mid-Atlantic,274534
34005,Northeast,Mid-Atlantic,461860
34007,Northeast,Mid-Atlantic,523485
34011,Northeast,Mid-Atlantic,154152
34013,Northeast,Mid-Atlantic,863728
34017,Northeast,Mid-Atlantic,724854
34019,Northeast,Mid-Atlantic,128947
34023,Northeast,Mid-Atlantic,863162
34025,Northeast,Mid-Atlantic,643615
34029,Northeast,Mid-Atlantic,637229
34031,Northeast,Mid-Atlantic,524118
34035,Northeast,Mid-Atlantic,345361
34037,Northeast,Mid-Atlantic,144221
34041,Northeast,Mid-Atlantic,109632
18001,Midwest,East North Central,35809
18005,Midwest,East North Central,82208
18007,Midwest,East North Central,8719
48287,South,West South Central,17478
48289,South,West South Central,15719
48291,South,West South Central,91628
48293,South,West South Central,22146
48295,South,West South Central,3059
48297,South,West South Central,11335
48299,South,West South Central,21243
48303,South,West South Central,310639
48307,South,West South Central,7630
48309,South,West South Central,260579
48313,South,West South Central,13455
48315,South,West South Central,9725
48319,South,West South Central,3953
48321,South,West South Central,36255
48325,South,West South Central,50748
48327,South,West South Central,1962
48331,South,West South Central,24754
48333,South,West South Central,4456
48337,South,West South Central,19965
48339,South,West South Central,620443
48343,South,West South Central,11973
48345,South,West South Central,1063
48349,South,West South Central,52624
48351,South,West South Central,12217
48355,South,West South Central,353178
48357,South,West South Central,10015
48361,South,West South Central,84808
48363,South,West South Central,28409
48367,South,West South Central,148222
48369,South,West South Central,9869
48373,South,West South Central,50123
48375,South,West South Central,118525
48379,South,West South Central,12164
48381,South,West South Central,140753
48385,South,West South Central,2758
48387,South,West South Central,11587
48391,South,West South Central,6741
48393,South,West South Central,827
48397,South,West South Central,107819
48399,South,West South Central,9900
48403,South,West South Central,9894
48405,South,West South Central,7918
48409,South,West South Central,68755
48411,South,West South Central,5730
48415,South,West South Central,16932
48417,South,West South Central,3105
48421,South,West South Central,2782
48423,South,West South Central,233479
48285,South,West South Central,20337
48425,South,West South Central,9205
48427,South,West South Central,65920
48429,South,West South Central,9101
48431,South,West South Central,1372
48433,South,West South Central,1245
48435,South,West South Central,3372
48437,South,West South Central,6971
48439,South,West South Central,2110640
48441,South,West South Central,143208
48443,South,West South Central,760
48445,South,West South Central,11831
48447,South,West South Central,1440
45053,South,South Atlantic,28791
45061,South,South Atlantic,16531
45067,South,South Atlantic,29183
45073,South,South Atlantic,78607
45079,South,South Atlantic,416147
45085,South,South Atlantic,105556
46003,Midwest,West North Central,2747
46009,Midwest,West North Central,7003
46015,Midwest,West North Central,5247
46061,Midwest,West North Central,3461
46067,Midwest,West North Central,7427
46073,Midwest,West North Central,1663
46081,Midwest,West North Central,25768
46087,Midwest,West North Central,5682
46093,Midwest,West North Central,29852
46099,Midwest,West North Central,197214
46103,Midwest,West North Central,109222
46111,Midwest,West North Central,2330
46119,Midwest,West North Central,1446
46125,Midwest,West North Central,8673
46135,Midwest,West North Central,23310
47003,South,East South Central,50237
47009,South,East South Central,135280
47015,South,East South Central,14506
47021,South,East South Central,41072
47027,South,East South Central,7581
47033,South,East South Central,13911
47039,South,East South Central,11435
47087,South,East South Central,11617
47093,South,East South Central,478971
47099,South,East South Central,44159
47105,South,East South Central,54886
47111,South,East South Central,25216
47117,South,East South Central,34318
47123,South,East South Central,46250
47129,South,East South Central,21035
47135,South,East South Central,8366
47141,South,East South Central,79854
47147,South,East South Central,72803
47155,South,East South Central,98380
47161,South,East South Central,13657
47167,South,East South Central,60970
47173,South,East South Central,19802
47179,South,East South Central,133001
47185,South,East South Central,27351
49001,West,Mountain,7072
49007,West,Mountain,20412
49013,West,Mountain,19596
50001,Northeast,New England,37363
50007,Northeast,New England,168323
50013,Northeast,New England,7293
50019,Northeast,New England,27393
50025,Northeast,New England,45905
51003,South,South Atlantic,112395
51009,South,South Atlantic,31307
51015,South,South Atlantic,77487
51021,South,South Atlantic,6270
51027,South,South Atlantic,20355
17187,Midwest,East North Central,16835
17191,Midwest,East North Central,16179
17195,Midwest,East North Central,55691
17197,Midwest,East North Central,696355
17201,Midwest,East North Central,285350
17203,Midwest,East North Central,38467
19003,Midwest,West North Central,3704
19005,Midwest,West North Central,14061
19009,Midwest,West North Central,5674
19013,Midwest,West North Central,131144
19015,Midwest,West North Central,26715
19019,Midwest,West North Central,20565
19023,Midwest,West North Central,14334
19025,Midwest,West North Central,9927
19029,Midwest,West North Central,13127
19031,Midwest,West North Central,18505
19035,Midwest,West North Central,11658
19037,Midwest,West North Central,12012
19041,Midwest,West North Central,16384
19045,Midwest,West North Central,46460
19047,Midwest,West North Central,16525
19051,Midwest,West North Central,9110
19053,Midwest,West North Central,7645
19057,Midwest,West North Central,38910
19059,Midwest,West North Central,17703
19061,Midwest,West North Central,99266
19063,Midwest,West North Central,9388
19065,Midwest,West North Central,19509
19067,Midwest,West North Central,15627
19069,Midwest,West North Central,10019
19071,Midwest,West North Central,6605
19073,Midwest,West North Central,8771
19075,Midwest,West North Central,12329
19077,Midwest,West North Central,10623
19079,Midwest,West North Central,15039
19081,Midwest,West North Central,10795
19083,Midwest,West North Central,16878
19085,Midwest,West North Central,14582
19087,Midwest,West North Central,20482
19089,Midwest,West North Central,9469
19091,Midwest,West North Central,9597
19093,Midwest,West North Central,7005
19095,Midwest,West North Central,16662
19097,Midwest,West North Central,19485
19101,Midwest,West North Central,15663
19103,Midwest,West North Central,152854
19107,Midwest,West North Central,10033
19111,Midwest,West North Central,33555
19113,Midwest,West North Central,230299
19117,Midwest,West North Central,8634
19119,Midwest,West North Central,11934
19123,Midwest,West North Central,22190
19127,Midwest,West North Central,40105
19129,Midwest,West North Central,14484
19133,Midwest,West North Central,8751
19135,Midwest,West North Central,7577
19139,Midwest,West North Central,43235
19143,Midwest,West North Central,6192
19145,Midwest,West North Central,15211
19149,Midwest,West North Central,25698
19151,Midwest,West North Central,7078
18011,Midwest,East North Central,70812
18013,Midwest,East North Central,15475
18017,Midwest,East North Central,37870
18019,Midwest,East North Central,121093
18023,Midwest,East North Central,33190
18025,Midwest,East North Central,10526
18029,Midwest,East North Central,50679
18031,Midwest,East North Central,26472
18035,Midwest,East North Central,111903
18037,Midwest,East North Central,43637
18041,Midwest,East North Central,23398
18043,Midwest,East North Central,80484
18045,Midwest,East North Central,16479
18047,Midwest,East North Central,22785
18049,Midwest,East North Central,20480
18051,Midwest,East North Central,33011
18053,Midwest,East North Central,66674
18055,Midwest,East North Central,30803
18057,Midwest,East North Central,347467
18059,Midwest,East North Central,79840
18061,Midwest,East North Central,39654
18063,Midwest,East North Central,174788
18065,Midwest,East North Central,48914
18067,Midwest,East North Central,83658
18069,Midwest,East North Central,36662
18071,Midwest,East North Central,46428
18073,Midwest,East North Central,32918
18075,Midwest,East North Central,20478
18077,Midwest,East North Central,33147
18079,Midwest,East North Central,27613
18081,Midwest,East North Central,161765
18083,Midwest,East North Central,36282
18087,Midwest,East North Central,40446
18089,Midwest,East North Central,498700
18093,Midwest,East North Central,45011
18095,Midwest,East North Central,130129
18099,Midwest,East North Central,46095
18101,Midwest,East North Central,9812
18105,Midwest,East North Central,139718
18107,Midwest,East North Central,37936
18111,Midwest,East North Central,13830
18113,Midwest,East North Central,47457
18117,Midwest,East North Central,19867
18119,Midwest,East North Central,21321
18123,Midwest,East North Central,19170
18125,Midwest,East North Central,12250
18129,Midwest,East North Central,25222
18131,Midwest,East North Central,12514
18135,Midwest,East North Central,24502
18137,Midwest,East North Central,28995
18141,Midwest,East North Central,272912
18145,Midwest,East North Central,45055
18147,Midwest,East North Central,19810
18151,Midwest,East North Central,34435
18153,Midwest,East North Central,20817
18157,Midwest,East North Central,186251
18159,Midwest,East North Central,15359
18163,Midwest,East North Central,180136
18165,Midwest,East North Central,15439
18169,Midwest,East North Central,30976
48449,South,West South Central,31247
48451,South,West South Central,120003
48453,South,West South Central,1290188
48455,South,West South Central,13602
48457,South,West South Central,19798
48459,South,West South Central,40892
48461,South,West South Central,3308
48463,South,West South Central,24564
48467,South,West South Central,59541
48469,South,West South Central,91319
48473,South,West South Central,56794
48475,South,West South Central,11644
48479,South,West South Central,267114
48481,South,West South Central,41570
48485,South,West South Central,129350
48487,South,West South Central,12887
48491,South,West South Central,609017
48493,South,West South Central,49753
48497,South,West South Central,68632
48499,South,West South Central,44843
48503,South,West South Central,17867
48505,South,West South Central,13889
01039,South,East South Central,37570
01045,South,East South Central,49326
01051,South,East South Central,87977
01057,South,East South Central,16321
01061,South,East South Central,26659
01067,South,East South Central,17146
01073,South,East South Central,674721
01079,South,East South Central,33073
01083,South,East South Central,103570
01089,South,East South Central,388153
01095,South,East South Central,97612
01101,South,East South Central,228954
01105,South,East South Central,8511
01111,South,East South Central,21967
01117,South,East South Central,223024
01121,South,East South Central,82149
01127,South,East South Central,65342
01133,South,East South Central,23540
06005,West,Pacific,40474
06009,West,Pacific,45292
06015,West,Pacific,27743
06021,West,Pacific,28917
06027,West,Pacific,19016
06033,West,Pacific,68163
06037,West,Pacific,10014009
06083,West,Pacific,448229
06089,West,Pacific,182155
51033,South,South Atlantic,30887
51041,South,South Atlantic,364548
51047,South,South Atlantic,52552
51053,South,South Atlantic,27947
51061,South,South Atlantic,72972
51067,South,South Atlantic,54477
51073,South,South Atlantic,38711
51079,South,South Atlantic,20552
51085,South,South Atlantic,109979
51091,South,South Atlantic,2232
51143,South,South Atlantic,60501
51153,South,South Atlantic,482204
51159,South,South Atlantic,8923
51165,South,South Atlantic,83757
51171,South,South Atlantic,44186
51177,South,South Atlantic,140032
51183,South,South Atlantic,10829
51191,South,South Atlantic,53935
51197,South,South Atlantic,28290
51520,South,South Atlantic,17219
51550,South,South Atlantic,249422
51595,South,South Atlantic,5766
51620,South,South Atlantic,8180
51650,South,South Atlantic,137148
51678,South,South Atlantic,7320
51685,South,South Atlantic,17219
51710,South,South Atlantic,238005
51735,South,South Atlantic,12460
51760,South,South Atlantic,226610
53031,West,Pacific,32977
53039,West,Pacific,22735
53045,West,Pacific,65726
53051,West,Pacific,13401
53057,West,Pacific,129523
53063,West,Pacific,539339
53069,West,Pacific,4422
53075,West,Pacific,47973
54003,South,South Atlantic,122076
54009,South,South Atlantic,22559
54017,South,South Atlantic,7808
54023,South,South Atlantic,10976
54029,South,South Atlantic,29095
54035,South,South Atlantic,27791
54041,South,South Atlantic,17033
54047,South,South Atlantic,19111
54053,South,South Atlantic,25453
54059,South,South Atlantic,23568
54065,South,South Atlantic,17063
55001,Midwest,East North Central,20654
55007,Midwest,East North Central,16220
55013,Midwest,East North Central,16526
55019,Midwest,East North Central,34659
55025,Midwest,East North Central,561504
55031,Midwest,East North Central,44295
55037,Midwest,East North Central,4558
55043,Midwest,East North Central,51938
55049,Midwest,East North Central,23709
55055,Midwest,East North Central,84900
19155,Midwest,West North Central,93667
19159,Midwest,West North Central,4663
19161,Midwest,West North Central,9814
19165,Midwest,West North Central,11746
19167,Midwest,West North Central,35872
19171,Midwest,West North Central,17135
19175,Midwest,West North Central,12138
19177,Midwest,West North Central,7203
19181,Midwest,West North Central,52403
19183,Midwest,West North Central,22565
19187,Midwest,West North Central,36999
19191,Midwest,West North Central,20070
19193,Midwest,West North Central,105941
19197,Midwest,West North Central,12943
24001,South,South Atlantic,68106
24005,South,South Atlantic,854535
24011,South,South Atlantic,33293
24013,South,South Atlantic,172891
24017,South,South Atlantic,166617
24019,South,South Atlantic,32531
24023,South,South Atlantic,28806
24025,South,South Atlantic,260924
24029,South,South Atlantic,19198
24033,South,South Atlantic,967201
24035,South,South Atlantic,49874
24039,South,South Atlantic,24620
24041,South,South Atlantic,37526
24043,South,South Atlantic,154705
24045,South,South Atlantic,103588
24047,South,South Atlantic,52460
24510,South,South Atlantic,585708
26001,Midwest,East North Central,10167
26003,Midwest,East North Central,8842
26005,Midwest,East North Central,120502
26007,Midwest,East North Central,28907
26009,Midwest,East North Central,23431
26011,Midwest,East North Central,15002
26013,Midwest,East North Central,8158
26015,Midwest,East North Central,62423
26017,Midwest,East North Central,103856
26019,Midwest,East North Central,17970
26021,Midwest,East North Central,154316
26023,Midwest,East North Central,44862
26025,Midwest,East North Central,134310
26027,Midwest,East North Central,51589
26029,Midwest,East North Central,26054
26033,Midwest,East North Central,36785
26035,Midwest,East North Central,30856
26039,Midwest,East North Central,12988
26041,Midwest,East North Central,36903
26045,Midwest,East North Central,109175
26049,Midwest,East North Central,406211
26051,Midwest,East North Central,25386
26055,Midwest,East North Central,95238
26057,Midwest,East North Central,41761
26061,Midwest,East North Central,37361
26063,Midwest,East North Central,31407
26067,Midwest,East North Central,66804
26071,Midwest,East North Central,11631
18171,Midwest,East North Central,8440
18175,Midwest,East North Central,28182
18177,Midwest,East North Central,66553
18181,Midwest,East North Central,24688
18183,Midwest,East North Central,34191
25003,Northeast,New England,129026
25005,Northeast,New England,579200
25009,Northeast,New England,809829
25011,Northeast,New England,71029
25015,Northeast,New England,162308
25017,Northeast,New England,1632002
25021,Northeast,New England,725981
25023,Northeast,New England,530819
25025,Northeast,New England,797936
25027,Northeast,New England,862111
39001,Midwest,East North Central,27477
39003,Midwest,East North Central,102206
39005,Midwest,East North Central,52447
39007,Midwest,East North Central,97574
39009,Midwest,East North Central,62431
39011,Midwest,East North Central,46422
39013,Midwest,East North Central,66497
39015,Midwest,East North Central,43676
39017,Midwest,East North Central,390357
39019,Midwest,East North Central,26721
39021,Midwest,East North Central,38714
39023,Midwest,East North Central,136001
39025,Midwest,East North Central,208601
39027,Midwest,East North Central,42018
39029,Midwest,East North Central,101877
39031,Midwest,East North Central,36612
39033,Midwest,East North Central,42025
39035,Midwest,East North Central,1264817
39039,Midwest,East North Central,38286
39041,Midwest,East North Central,214124
39045,Midwest,East North Central,158921
39047,Midwest,East North Central,28951
39051,Midwest,East North Central,42713
39053,Midwest,East North Central,29220
39057,Midwest,East North Central,167966
39059,Midwest,East North Central,38438
39063,Midwest,East North Central,74920
39065,Midwest,East North Central,30696
39069,Midwest,East North Central,27662
39073,Midwest,East North Central,28050
39075,Midwest,East North Central,44223
39079,Midwest,East North Central,32653
39081,Midwest,East North Central,65249
39085,Midwest,East North Central,232603
39087,Midwest,East North Central,58240
39091,Midwest,East North Central,46150
39093,Midwest,East North Central,312964
39097,Midwest,East North Central,43824
39101,Midwest,East North Central,65359
39103,Midwest,East North Central,182470
39107,Midwest,East North Central,42528
39109,Midwest,East North Central,108774
39113,Midwest,East North Central,537309
39115,Midwest,East North Central,13802
39119,Midwest,East North Central,86410
06093,West,Pacific,44076
06099,West,Pacific,552878
06105,West,Pacific,16112
06111,West,Pacific,843843
05001,South,West South Central,17149
05007,South,West South Central,284333
05011,South,West South Central,10545
05017,South,West South Central,10208
05023,South,West South Central,24711
05029,South,West South Central,20715
05033,South,West South Central,60133
05039,South,West South Central,6482
05045,South,West South Central,123498
05051,South,West South Central,100180
05055,South,West South Central,45736
05061,South,West South Central,12785
05067,South,West South Central,16755
05073,South,West South Central,6308
05077,South,West South Central,8600
05083,South,West South Central,21131
05089,South,West South Central,16826
05093,South,West South Central,40685
05141,South,West South Central,15796
05147,South,West South Central,6269
09001,Northeast,New England,957419
09007,Northeast,New England,164245
09013,Northeast,New England,149788
02013,West,Pacific,3420
02050,West,Pacific,18666
02066,West,Pacific,2617
02090,West,Pacific,95655
02110,West,Pacific,32255
02150,West,Pacific,13101
02164,West,Pacific,1476
02185,West,Pacific,11031
02198,West,Pacific,5753
02240,West,Pacific,6808
08001,West,Mountain,519572
08005,West,Mountain,655070
08011,West,Mountain,5650
08015,West,Mountain,19476
08019,West,Mountain,9397
08025,West,Mountain,5922
08031,West,Mountain,715522
08079,West,Mountain,865
08085,West,Mountain,42679
08089,West,Mountain,18690
08095,West,Mountain,4530
08101,West,Mountain,168162
08107,West,Mountain,24829
08111,West,Mountain,705
08117,West,Mountain,31055
08123,West,Mountain,328981
10001,South,South Atlantic,181851
30001,West,Mountain,9371
30007,West,Mountain,6774
30013,West,Mountain,84414
30017,West,Mountain,11867
55061,Midwest,East North Central,20563
55067,Midwest,East North Central,19491
55073,Midwest,East North Central,138013
55078,Midwest,East North Central,4255
55085,Midwest,East North Central,37845
55091,Midwest,East North Central,7318
55097,Midwest,East North Central,70377
55103,Midwest,East North Central,17304
55109,Midwest,East North Central,93536
56017,West,Mountain,4621
56025,West,Mountain,79955
56031,West,Mountain,8605
56037,West,Mountain,42272
56043,West,Mountain,7685
48003,South,West South Central,18610
48009,South,West South Central,8560
48015,South,West South Central,30167
48021,South,West South Central,97216
48027,South,West South Central,370647
48033,South,West South Central,631
48037,South,West South Central,92893
48043,South,West South Central,9546
48049,South,West South Central,38095
48055,South,West South Central,45883
48061,South,West South Central,421017
48067,South,West South Central,28454
48073,South,West South Central,50412
48079,South,West South Central,2547
48085,South,West South Central,1064465
48133,South,West South Central,17725
48139,South,West South Central,192455
48145,South,West South Central,16968
48151,South,West South Central,3672
48157,South,West South Central,822779
48163,South,West South Central,18385
48167,South,West South Central,350682
48173,South,West South Central,1116
48179,South,West South Central,21227
48185,South,West South Central,29268
48191,South,West South Central,2825
48197,South,West South Central,3549
26073,Midwest,East North Central,64394
26077,Midwest,East North Central,261670
26079,Midwest,East North Central,17939
26083,Midwest,East North Central,2046
26085,Midwest,East North Central,12096
26089,Midwest,East North Central,22301
26093,Midwest,East North Central,193866
26095,Midwest,East North Central,5339
26099,Midwest,East North Central,881217
26101,Midwest,East North Central,25032
26105,Midwest,East North Central,29052
26107,Midwest,East North Central,39714
26111,Midwest,East North Central,83494
26115,Midwest,East North Central,154809
26117,Midwest,East North Central,66614
26121,Midwest,East North Central,175824
26123,Midwest,East North Central,49978
26127,Midwest,East North Central,26659
26129,Midwest,East North Central,20770
26133,Midwest,East North Central,22891
26135,Midwest,East North Central,8219
26139,Midwest,East North Central,296200
26143,Midwest,East North Central,23459
26145,Midwest,East North Central,190124
26149,Midwest,East North Central,60939
26151,Midwest,East North Central,40611
26155,Midwest,East North Central,68094
26157,Midwest,East North Central,53323
26161,Midwest,East North Central,372258
26163,Midwest,East North Central,1793561
26165,Midwest,East North Central,33673
28001,South,East South Central,29538
28003,South,East South Central,34740
28005,South,East South Central,12720
28007,South,East South Central,17889
28009,South,East South Central,7646
28011,South,East South Central,30985
28013,South,East South Central,13266
28015,South,East South Central,9998
28017,South,East South Central,17106
28019,South,East South Central,8246
28021,South,East South Central,9135
28023,South,East South Central,15615
28025,South,East South Central,18636
28027,South,East South Central,21390
28029,South,East South Central,28368
28031,South,East South Central,18340
28033,South,East South Central,185314
28035,South,East South Central,78158
28037,South,East South Central,7675
28041,South,East South Central,13530
28043,South,East South Central,21629
28047,South,East South Central,208621
28049,South,East South Central,227742
28053,South,East South Central,7785
28055,South,East South Central,1338
28059,South,East South Central,143252
28061,South,East South Central,16367
39121,Midwest,East North Central,14115
39125,Midwest,East North Central,18806
39127,Midwest,East North Central,35408
39131,Midwest,East North Central,27088
39135,Midwest,East North Central,40999
39137,Midwest,East North Central,34451
39141,Midwest,East North Central,77093
39143,Midwest,East North Central,58896
39147,Midwest,East North Central,55069
39149,Midwest,East North Central,48230
39153,Midwest,East North Central,540428
39155,Midwest,East North Central,201977
39159,Midwest,East North Central,62784
39161,Midwest,East North Central,28931
39165,Midwest,East North Central,242337
39167,Midwest,East North Central,59771
39169,Midwest,East North Central,116894
39171,Midwest,East North Central,37102
39173,Midwest,East North Central,132248
39175,Midwest,East North Central,21900
40001,South,West South Central,19495
40003,South,West South Central,5699
40005,South,West South Central,14143
40007,South,West South Central,5049
40009,South,West South Central,22410
40011,South,West South Central,8735
40013,South,West South Central,46067
40015,South,West South Central,26945
40017,South,West South Central,154405
40019,South,West South Central,48003
40021,South,West South Central,47078
40023,South,West South Central,14204
40025,South,West South Central,2296
40027,South,West South Central,295528
40029,South,West South Central,5266
40031,South,West South Central,121125
40035,South,West South Central,14107
40037,South,West South Central,71754
40041,South,West South Central,40397
40043,South,West South Central,4484
40047,South,West South Central,62846
40049,South,West South Central,25656
40053,South,West South Central,4169
40055,South,West South Central,5491
40059,South,West South Central,3272
40061,South,West South Central,11561
40065,South,West South Central,24785
40067,South,West South Central,5337
40071,South,West South Central,43700
40073,South,West South Central,15184
40077,South,West South Central,9444
40079,South,West South Central,48129
40083,South,West South Central,49555
40085,South,West South Central,10146
40089,South,West South Central,30814
40091,South,West South Central,18941
40095,South,West South Central,15312
40097,South,West South Central,39046
40101,South,West South Central,66339
40103,South,West South Central,10924
30023,West,Mountain,9421
30029,West,Mountain,104357
30035,West,Mountain,13778
30039,West,Mountain,3309
30045,West,Mountain,2023
30051,West,Mountain,1959
30057,West,Mountain,8623
30063,West,Mountain,117922
30067,West,Mountain,17191
30073,West,Mountain,5898
13009,South,South Atlantic,43799
13015,South,South Atlantic,108901
13019,South,South Atlantic,18160
13025,South,South Atlantic,18021
13031,South,South Atlantic,81099
13037,South,South Atlantic,5573
13043,South,South Atlantic,10981
13049,South,South Atlantic,12518
13055,South,South Atlantic,24965
13061,South,South Atlantic,2848
13065,South,South Atlantic,6749
13071,South,South Atlantic,45898
13077,South,South Atlantic,146158
13083,South,South Atlantic,16251
13087,South,South Atlantic,29367
13093,South,South Atlantic,11208
13099,South,South Atlantic,10854
13103,South,South Atlantic,64769
13109,South,South Atlantic,10774
13115,South,South Atlantic,98584
13119,South,South Atlantic,23424
13125,South,South Atlantic,2884
13131,South,South Atlantic,26236
13137,South,South Atlantic,46031
13141,South,South Atlantic,8735
13185,South,South Atlantic,118251
13189,South,South Atlantic,21632
13195,South,South Atlantic,30120
13201,South,South Atlantic,6000
13207,South,South Atlantic,27957
13213,South,South Atlantic,39973
13219,South,South Atlantic,41799
13225,South,South Atlantic,27981
13229,South,South Atlantic,19716
13235,South,South Atlantic,9855
13241,South,South Atlantic,16883
13245,South,South Atlantic,206607
13251,South,South Atlantic,14067
13257,South,South Atlantic,26784
13263,South,South Atlantic,5733
13267,South,South Atlantic,22842
13273,South,South Atlantic,9185
13279,South,South Atlantic,27030
13285,South,South Atlantic,69426
13289,South,South Atlantic,8022
13295,South,South Atlantic,67654
13301,South,South Atlantic,5215
13305,South,South Atlantic,30144
13311,South,South Atlantic,28003
13317,South,South Atlantic,9565
48203,South,West South Central,68839
48209,South,West South Central,241067
48215,South,West South Central,870781
48221,South,West South Central,61598
48227,South,West South Central,34860
48233,South,West South Central,20617
48239,South,West South Central,14988
48245,South,West South Central,256526
48251,South,West South Central,179927
48301,South,West South Central,64
48305,South,West South Central,5596
48311,South,West South Central,600
48317,South,West South Central,5237
48323,South,West South Central,57887
48329,South,West South Central,169983
48335,South,West South Central,8990
48341,South,West South Central,21358
48347,South,West South Central,64653
48353,South,West South Central,14738
48359,South,West South Central,1758
48365,South,West South Central,22491
48371,South,West South Central,15193
48377,South,West South Central,6131
48383,South,West South Central,3385
48389,South,West South Central,14748
48395,South,West South Central,16757
48401,South,West South Central,52214
48407,South,West South Central,27402
48413,South,West South Central,2451
48419,South,West South Central,24022
48465,South,West South Central,47586
48471,South,West South Central,76400
48477,South,West South Central,35805
48483,South,West South Central,4990
48489,South,West South Central,20164
48495,South,West South Central,7791
48501,South,West South Central,7694
48507,South,West South Central,9670
28065,South,East South Central,11321
28067,South,East South Central,67246
28071,South,East South Central,55813
28075,South,East South Central,72984
28077,South,East South Central,12016
28081,South,East South Central,83343
28083,South,East South Central,28339
28087,South,East South Central,58879
28089,South,East South Central,109145
28093,South,East South Central,33752
28095,South,East South Central,34180
28099,South,East South Central,29087
28103,South,East South Central,10285
28105,South,East South Central,51788
28109,South,East South Central,56145
28111,South,East South Central,11511
28115,South,East South Central,31184
28117,South,East South Central,25008
28121,South,East South Central,157031
28123,South,East South Central,27990
28127,South,East South Central,25949
28131,South,East South Central,18333
28133,South,East South Central,25971
28137,South,East South Central,28064
28139,South,East South Central,21815
28143,South,East South Central,9782
28145,South,East South Central,27777
28149,South,East South Central,44722
28151,South,East South Central,44922
28155,South,East South Central,9926
28157,South,East South Central,8587
28161,South,East South Central,12481
28163,South,East South Central,26743
35003,West,Mountain,3579
35005,West,Mountain,65157
35006,West,Mountain,27172
35007,West,Mountain,12387
35009,West,Mountain,48430
35011,West,Mountain,1698
35013,West,Mountain,219561
35015,West,Mountain,62314
35017,West,Mountain,28185
35019,West,Mountain,4452
35021,West,Mountain,657
35023,West,Mountain,4178
35025,West,Mountain,74455
35027,West,Mountain,20269
35028,West,Mountain,19419
35029,West,Mountain,25427
35031,West,Mountain,72902
35033,West,Mountain,4189
35035,West,Mountain,67839
35037,West,Mountain,8746
35039,West,Mountain,40363
35043,West,Mountain,148834
35045,West,Mountain,121661
35049,West,Mountain,154823
35053,West,Mountain,16595
40107,South,West South Central,11310
40111,South,West South Central,36706
40113,South,West South Central,45818
40117,South,West South Central,15553
40119,South,West South Central,81646
40123,South,West South Central,38065
40125,South,West South Central,72454
40129,South,West South Central,3442
40131,South,West South Central,95240
40135,South,West South Central,39281
40137,South,West South Central,42848
40141,South,West South Central,6968
40143,South,West South Central,669279
40147,South,West South Central,52455
40149,South,West South Central,10924
40153,South,West South Central,20470
41001,West,Pacific,16668
41005,West,Pacific,421401
41007,West,Pacific,41072
41009,West,Pacific,52589
41011,West,Pacific,64929
41013,West,Pacific,24738
41015,West,Pacific,23446
41017,West,Pacific,198253
41019,West,Pacific,111201
41021,West,Pacific,1995
41023,West,Pacific,7233
41025,West,Pacific,7495
41027,West,Pacific,23977
41029,West,Pacific,223259
41031,West,Pacific,24502
41033,West,Pacific,88090
41035,West,Pacific,69413
41037,West,Pacific,8160
41039,West,Pacific,382971
41041,West,Pacific,50395
41043,West,Pacific,128610
41045,West,Pacific,31571
41047,West,Pacific,345920
41051,West,Pacific,815428
41055,West,Pacific,1870
41057,West,Pacific,27390
41061,West,Pacific,26196
41063,West,Pacific,7391
41067,West,Pacific,600372
41069,West,Pacific,1451
44001,Northeast,New England,50793
44003,Northeast,New England,170363
44007,Northeast,New England,660741
44009,Northeast,New England,129839
42003,Northeast,Mid-Atlantic,1250578
42005,Northeast,Mid-Atlantic,65558
42009,Northeast,Mid-Atlantic,47577
42011,Northeast,Mid-Atlantic,428849
42015,Northeast,Mid-Atlantic,59967
42017,Northeast,Mid-Atlantic,646538
42021,Northeast,Mid-Atlantic,133472
42023,Northeast,Mid-Atlantic,4547
42027,Northeast,Mid-Atlantic,158172
13321,South,South Atlantic,20784
16035,West,Mountain,8734
16039,West,Mountain,28666
16045,West,Mountain,19123
16051,West,Mountain,30891
16055,West,Mountain,171362
16061,West,Mountain,3533
16067,West,Mountain,21613
16071,West,Mountain,4564
16077,West,Mountain,7878
16083,West,Mountain,90046
17001,Midwest,East North Central,65737
17005,Midwest,East North Central,16725
17011,Midwest,East North Central,33244
17017,Midwest,East North Central,13042
17021,Midwest,East North Central,34032
17027,Midwest,East North Central,36899
17033,Midwest,East North Central,18679
17039,Midwest,East North Central,15516
17043,Midwest,East North Central,932877
17049,Midwest,East North Central,34668
17055,Midwest,East North Central,37804
17061,Midwest,East North Central,11985
17065,Midwest,East North Central,7993
17071,Midwest,East North Central,6387
17077,Midwest,East North Central,52974
17121,Midwest,East North Central,37729
17127,Midwest,East North Central,14169
17133,Midwest,East North Central,34962
17139,Midwest,East North Central,14526
17143,Midwest,East North Central,181830
17149,Midwest,East North Central,14739
17155,Midwest,East North Central,5637
17161,Midwest,East North Central,144672
17165,Midwest,East North Central,23768
17171,Midwest,East North Central,4949
17177,Midwest,East North Central,44630
17183,Midwest,East North Central,74188
17189,Midwest,East North Central,13761
17193,Midwest,East North Central,13877
17199,Midwest,East North Central,67153
19001,Midwest,West North Central,7496
19007,Midwest,West North Central,12317
19011,Midwest,West North Central,25575
19017,Midwest,West North Central,24988
19021,Midwest,West North Central,20823
19027,Midwest,West North Central,20760
19033,Midwest,West North Central,43127
19039,Midwest,West North Central,9748
19043,Midwest,West North Central,17043
19049,Midwest,West North Central,99678
19055,Midwest,West North Central,17488
19099,Midwest,West North Central,37813
19105,Midwest,West North Central,20646
19109,Midwest,West North Central,14828
19115,Midwest,West North Central,10837
19121,Midwest,West North Central,16548
19125,Midwest,West North Central,33414
19131,Midwest,West North Central,10565
19137,Midwest,West North Central,10330
35055,West,Mountain,34489
35059,West,Mountain,4079
35061,West,Mountain,76205
38003,Midwest,West North Central,10853
38005,Midwest,West North Central,5964
38009,Midwest,West North Central,6379
38011,Midwest,West North Central,2993
38015,Midwest,West North Central,98458
38017,Midwest,West North Central,184525
38021,Midwest,West North Central,4999
38025,Midwest,West North Central,4095
38027,Midwest,West North Central,2347
38031,Midwest,West North Central,3397
38033,Midwest,West North Central,1736
38037,Midwest,West North Central,2301
38039,Midwest,West North Central,2306
38043,Midwest,West North Central,2394
38045,Midwest,West North Central,4093
38049,Midwest,West North Central,5345
38051,Midwest,West North Central,2530
38055,Midwest,West North Central,9771
38057,Midwest,West North Central,8350
38061,Midwest,West North Central,9809
38065,Midwest,West North Central,1877
38067,Midwest,West North Central,6844
38071,Midwest,West North Central,11605
38073,Midwest,West North Central,5703
38077,Midwest,West North Central,16529
38079,Midwest,West North Central,12187
38083,Midwest,West North Central,1265
38085,Midwest,West North Central,3898
38089,Midwest,West North Central,33646
38091,Midwest,West North Central,1798
38095,Midwest,West North Central,2162
38097,Midwest,West North Central,7997
38101,Midwest,West North Central,69919
38105,Midwest,West North Central,40950
04001,West,Mountain,66021
04003,West,Mountain,125447
04005,West,Mountain,145101
04007,West,Mountain,53272
04009,West,Mountain,38533
04011,West,Mountain,9563
04012,West,Mountain,16557
04013,West,Mountain,4420568
04015,West,Mountain,213267
04017,West,Mountain,106717
04019,West,Mountain,1043433
04021,West,Mountain,425264
04023,West,Mountain,47669
04025,West,Mountain,236209
04027,West,Mountain,203881
20001,Midwest,West North Central,12526
20003,Midwest,West North Central,7836
20005,Midwest,West North Central,16348
20007,Midwest,West North Central,4228
20009,Midwest,West North Central,25493
20011,Midwest,West North Central,14360
42029,Northeast,Mid-Atlantic,534413
42033,Northeast,Mid-Atlantic,80562
42035,Northeast,Mid-Atlantic,37450
42039,Northeast,Mid-Atlantic,83938
42041,Northeast,Mid-Atlantic,259469
42045,Northeast,Mid-Atlantic,576830
42047,Northeast,Mid-Atlantic,30990
42051,Northeast,Mid-Atlantic,128804
42053,Northeast,Mid-Atlantic,6973
42057,Northeast,Mid-Atlantic,14556
42059,Northeast,Mid-Atlantic,35954
42063,Northeast,Mid-Atlantic,83246
42065,Northeast,Mid-Atlantic,44492
42069,Northeast,Mid-Atlantic,215896
42071,Northeast,Mid-Atlantic,552984
42075,Northeast,Mid-Atlantic,143257
42077,Northeast,Mid-Atlantic,374557
42081,Northeast,Mid-Atlantic,114188
42083,Northeast,Mid-Atlantic,40432
42085,Northeast,Mid-Atlantic,110652
42089,Northeast,Mid-Atlantic,168327
42091,Northeast,Mid-Atlantic,856553
42093,Northeast,Mid-Atlantic,18136
42095,Northeast,Mid-Atlantic,312951
42097,Northeast,Mid-Atlantic,91647
42099,Northeast,Mid-Atlantic,45842
42101,Northeast,Mid-Atlantic,1603797
42103,Northeast,Mid-Atlantic,58535
42105,Northeast,Mid-Atlantic,16396
42107,Northeast,Mid-Atlantic,143049
42109,Northeast,Mid-Atlantic,39736
42111,Northeast,Mid-Atlantic,74129
42113,Northeast,Mid-Atlantic,5840
42115,Northeast,Mid-Atlantic,38434
42117,Northeast,Mid-Atlantic,41045
42119,Northeast,Mid-Atlantic,42681
42121,Northeast,Mid-Atlantic,50454
42123,Northeast,Mid-Atlantic,38587
42125,Northeast,Mid-Atlantic,209349
42127,Northeast,Mid-Atlantic,51155
42131,Northeast,Mid-Atlantic,26069
42133,Northeast,Mid-Atlantic,456438
45001,South,South Atlantic,24295
45005,South,South Atlantic,8039
45007,South,South Atlantic,203718
45011,South,South Atlantic,20589
45013,South,South Atlantic,187117
45017,South,South Atlantic,14119
45019,South,South Atlantic,408235
45023,South,South Atlantic,32294
45025,South,South Atlantic,43273
45029,South,South Atlantic,38604
45031,South,South Atlantic,62905
45033,South,South Atlantic,28292
45037,South,South Atlantic,25657
45039,South,South Atlantic,20948
45043,South,South Atlantic,63404
19141,Midwest,West North Central,14182
19147,Midwest,West North Central,8996
19153,Midwest,West North Central,492401
19157,Midwest,West North Central,18662
19163,Midwest,West North Central,174669
19169,Midwest,West North Central,98537
19173,Midwest,West North Central,5896
19179,Midwest,West North Central,35437
19185,Midwest,West North Central,6497
19189,Midwest,West North Central,10679
19195,Midwest,West North Central,7443
24003,South,South Atlantic,588261
24009,South,South Atlantic,92783
24015,South,South Atlantic,103725
24021,South,South Atlantic,271717
24027,South,South Atlantic,332317
24031,South,South Atlantic,1062061
24037,South,South Atlantic,113777
26031,Midwest,East North Central,25579
26037,Midwest,East North Central,79128
26043,Midwest,East North Central,25947
26047,Midwest,East North Central,34112
26053,Midwest,East North Central,14380
26059,Midwest,East North Central,45746
26065,Midwest,East North Central,284900
26069,Midwest,East North Central,25237
26075,Midwest,East North Central,160366
26081,Midwest,East North Central,657974
26087,Midwest,East North Central,88619
26091,Midwest,East North Central,99423
26097,Midwest,East North Central,10834
26103,Midwest,East North Central,66017
26109,Midwest,East North Central,23502
26113,Midwest,East North Central,15052
26119,Midwest,East North Central,9153
26125,Midwest,East North Central,1274395
26131,Midwest,East North Central,5816
26137,Midwest,East North Central,25091
26141,Midwest,East North Central,12982
26147,Midwest,East North Central,160383
26153,Midwest,East North Central,8047
26159,Midwest,East North Central,75587
28039,South,East South Central,24350
28045,South,East South Central,46053
28051,South,East South Central,17000
28057,South,East South Central,23863
28063,South,East South Central,7260
28069,South,East South Central,8988
28073,South,East South Central,64222
28079,South,East South Central,21275
28085,South,East South Central,34907
28091,South,East South Central,24441
28097,South,East South Central,9822
28101,South,East South Central,21291
28107,South,East South Central,33208
28113,South,East South Central,40324
28119,South,East South Central,6176
28125,South,East South Central,3800
28129,South,East South Central,14209
20015,Midwest,West North Central,67380
20019,Midwest,West North Central,3379
20021,Midwest,West North Central,19362
20025,Midwest,West North Central,1991
20027,Midwest,West North Central,8117
20031,Midwest,West North Central,8360
20033,Midwest,West North Central,1689
20037,Midwest,West North Central,38972
20041,Midwest,West North Central,18402
20043,Midwest,West North Central,7510
20047,Midwest,West North Central,2907
20049,Midwest,West North Central,2483
20053,Midwest,West North Central,6376
20055,Midwest,West North Central,38470
20059,Midwest,West North Central,25996
20061,Midwest,West North Central,36739
20065,Midwest,West North Central,2415
20069,Midwest,West North Central,5653
20071,Midwest,West North Central,1284
20075,Midwest,West North Central,2518
20077,Midwest,West North Central,5485
20081,Midwest,West North Central,3780
20083,Midwest,West North Central,1723
20087,Midwest,West North Central,18368
20091,Midwest,West North Central,609863
20093,Midwest,West North Central,3983
20097,Midwest,West North Central,2460
20099,Midwest,West North Central,20184
20103,Midwest,West North Central,81881
20105,Midwest,West North Central,2939
20109,Midwest,West North Central,2762
20113,Midwest,West North Central,30223
20115,Midwest,West North Central,11823
20119,Midwest,West North Central,4055
20121,Midwest,West North Central,34191
20125,Midwest,West North Central,31486
20127,Midwest,West North Central,5386
20131,Midwest,West North Central,10273
20133,Midwest,West North Central,15904
20137,Midwest,West North Central,5459
20141,Midwest,West North Central,3500
20143,Midwest,West North Central,5735
20145,Midwest,West North Central,6253
20147,Midwest,West North Central,4981
20149,Midwest,West North Central,25348
20151,Midwest,West North Central,9157
20153,Midwest,West North Central,2561
20155,Midwest,West North Central,61898
20157,Midwest,West North Central,4674
20159,Midwest,West North Central,9427
20161,Midwest,West North Central,71959
20163,Midwest,West North Central,4919
20165,Midwest,West North Central,2956
20167,Midwest,West North Central,6691
20169,Midwest,West North Central,54303
20171,Midwest,West North Central,5151
20173,Midwest,West North Central,523824
20175,Midwest,West North Central,21964
20177,Midwest,West North Central,178909
20179,Midwest,West North Central,2447
45049,South,South Atlantic,18561
45051,South,South Atlantic,351029
45055,South,South Atlantic,65403
45057,South,South Atlantic,96016
45059,South,South Atlantic,67539
45063,South,South Atlantic,293991
45065,South,South Atlantic,9526
45069,South,South Atlantic,26667
45071,South,South Atlantic,37719
45075,South,South Atlantic,84223
45077,South,South Atlantic,131404
45081,South,South Atlantic,18862
45083,South,South Atlantic,327997
45087,South,South Atlantic,27244
45089,South,South Atlantic,31026
45091,South,South Atlantic,282090
46005,Midwest,West North Central,19149
46007,Midwest,West North Central,3381
46011,Midwest,West North Central,34375
46013,Midwest,West North Central,38301
46017,Midwest,West North Central,1948
46019,Midwest,West North Central,10243
46021,Midwest,West North Central,1377
46023,Midwest,West North Central,9373
46025,Midwest,West North Central,3837
46027,Midwest,West North Central,14967
46029,Midwest,West North Central,28325
46031,Midwest,West North Central,3902
46033,Midwest,West North Central,8318
46035,Midwest,West North Central,19956
46037,Midwest,West North Central,5449
46039,Midwest,West North Central,4295
46041,Midwest,West North Central,5239
46043,Midwest,West North Central,2835
46045,Midwest,West North Central,3986
46047,Midwest,West North Central,6973
46049,Midwest,West North Central,2125
46051,Midwest,West North Central,7556
46053,Midwest,West North Central,3994
46055,Midwest,West North Central,1872
46057,Midwest,West North Central,6164
46059,Midwest,West North Central,3145
46063,Midwest,West North Central,1311
46065,Midwest,West North Central,17765
46069,Midwest,West North Central,1262
46071,Midwest,West North Central,2806
46075,Midwest,West North Central,917
46077,Midwest,West North Central,5187
45045,South,South Atlantic,525534
46079,Midwest,West North Central,11059
46083,Midwest,West North Central,65161
46085,Midwest,West North Central,3718
46089,Midwest,West North Central,2411
46091,Midwest,West North Central,4306
46095,Midwest,West North Central,1918
46097,Midwest,West North Central,2298
46101,Midwest,West North Central,6336
28135,South,East South Central,12715
28141,South,East South Central,18850
28147,South,East South Central,13884
28153,South,East South Central,19779
28159,South,East South Central,17714
35001,West,Mountain,676444
35041,West,Mountain,19191
35047,West,Mountain,27201
35051,West,Mountain,11576
35057,West,Mountain,15045
38001,Midwest,West North Central,2200
38007,Midwest,West North Central,945
38013,Midwest,West North Central,2201
38019,Midwest,West North Central,3704
38023,Midwest,West North Central,2195
38029,Midwest,West North Central,3301
38035,Midwest,West North Central,73170
38041,Midwest,West North Central,2489
38047,Midwest,West North Central,1876
38053,Midwest,West North Central,14704
38059,Midwest,West North Central,33291
38063,Midwest,West North Central,3015
38069,Midwest,West North Central,3990
38075,Midwest,West North Central,2282
38081,Midwest,West North Central,3862
38087,Midwest,West North Central,706
38093,Midwest,West North Central,21593
38099,Midwest,West North Central,10563
38103,Midwest,West North Central,3982
20013,Midwest,West North Central,9508
20017,Midwest,West North Central,2572
20023,Midwest,West North Central,2616
20029,Midwest,West North Central,9032
20035,Midwest,West North Central,34549
20039,Midwest,West North Central,2764
20045,Midwest,West North Central,118785
20051,Midwest,West North Central,28934
20057,Midwest,West North Central,34287
20063,Midwest,West North Central,2718
20067,Midwest,West North Central,7352
20073,Midwest,West North Central,6016
20079,Midwest,West North Central,34024
20085,Midwest,West North Central,13232
20089,Midwest,West North Central,2932
20095,Midwest,West North Central,7470
20101,Midwest,West North Central,1574
20107,Midwest,West North Central,9591
20111,Midwest,West North Central,32179
20117,Midwest,West North Central,10038
20123,Midwest,West North Central,5796
20129,Midwest,West North Central,2701
20135,Midwest,West North Central,2687
20139,Midwest,West North Central,15766
20185,Midwest,West North Central,4072
20191,Midwest,West North Central,22382
20197,Midwest,West North Central,6877
20203,Midwest,West North Central,2152
20207,Midwest,West North Central,3115
21003,South,East South Central,20588
20181,Midwest,West North Central,5927
20183,Midwest,West North Central,3570
20187,Midwest,West North Central,2084
20189,Midwest,West North Central,5250
20193,Midwest,West North Central,7930
20195,Midwest,West North Central,2808
20199,Midwest,West North Central,1512
20201,Midwest,West North Central,5530
20205,Midwest,West North Central,8624
20209,Midwest,West North Central,169245
21001,South,East South Central,18903
21005,South,East South Central,23852
21007,South,East South Central,7728
21011,South,East South Central,12750
21013,South,East South Central,24097
21017,South,East South Central,20252
21019,South,East South Central,48261
21023,South,East South Central,8400
21027,South,East South Central,20432
21029,South,East South Central,82217
21033,South,East South Central,12649
21035,South,East South Central,37103
21039,South,East South Central,4826
21041,South,East South Central,10810
21045,South,East South Central,15941
21047,South,East South Central,72748
21051,South,East South Central,20345
21053,South,East South Central,9253
21057,South,East South Central,5888
21059,South,East South Central,103312
21063,South,East South Central,7354
21067,South,East South Central,322570
21069,South,East South Central,15082
21073,South,East South Central,51541
21075,South,East South Central,6515
21079,South,East South Central,16953
21081,South,East South Central,24941
21085,South,East South Central,26420
21087,South,East South Central,11107
21091,South,East South Central,9095
21093,South,East South Central,110702
21097,South,East South Central,18692
21101,South,East South Central,44793
21103,South,East South Central,15678
21105,South,East South Central,4521
21107,South,East South Central,45423
21109,South,East South Central,12955
21111,South,East South Central,782969
21113,South,East South Central,52991
21115,South,East South Central,22680
21117,South,East South Central,169064
21119,South,East South Central,14251
21121,South,East South Central,30193
21123,South,East South Central,14867
21125,South,East South Central,62613
21127,South,East South Central,16293
21129,South,East South Central,7395
21131,South,East South Central,10513
21133,South,East South Central,21548
46102,Midwest,West North Central,13672
46105,Midwest,West North Central,2835
46107,Midwest,West North Central,2472
46109,Midwest,West North Central,10280
46115,Midwest,West North Central,6361
46117,Midwest,West North Central,2980
46121,Midwest,West North Central,9319
46123,Midwest,West North Central,5624
46127,Midwest,West North Central,16811
46129,Midwest,West North Central,5315
46137,Midwest,West North Central,2413
47001,South,East South Central,77123
47005,South,East South Central,15864
47007,South,East South Central,14913
47011,South,East South Central,108620
47013,South,East South Central,39272
47017,South,East South Central,28440
47019,South,East South Central,56356
47023,South,East South Central,17341
47025,South,East South Central,32043
47029,South,East South Central,35999
47031,South,East South Central,57889
47035,South,East South Central,61145
47037,South,East South Central,715884
47041,South,East South Central,20080
47043,South,East South Central,54315
47045,South,East South Central,36801
47047,South,East South Central,41990
47049,South,East South Central,18489
47051,South,East South Central,42774
47053,South,East South Central,50429
47055,South,East South Central,30346
47057,South,East South Central,23527
47059,South,East South Central,70152
47061,South,East South Central,13529
47063,South,East South Central,64499
47065,South,East South Central,366207
47067,South,East South Central,6662
47069,South,East South Central,25462
47071,South,East South Central,26831
47073,South,East South Central,56721
47075,South,East South Central,17864
47077,South,East South Central,27842
47079,South,East South Central,32199
47081,South,East South Central,24925
47083,South,East South Central,8283
47085,South,East South Central,18990
47089,South,East South Central,54683
47091,South,East South Central,17948
47095,South,East South Central,7005
47097,South,East South Central,25143
47101,South,East South Central,12582
47103,South,East South Central,35319
47107,South,East South Central,53276
47109,South,East South Central,25866
47113,South,East South Central,98823
47115,South,East South Central,28837
47119,South,East South Central,100974
21015,South,East South Central,135968
21021,South,East South Central,30614
21025,South,East South Central,13718
21031,South,East South Central,12371
21037,South,East South Central,93076
21043,South,East South Central,26627
21049,South,East South Central,36972
21055,South,East South Central,8990
21061,South,East South Central,12126
21065,South,East South Central,14163
21071,South,East South Central,35942
21077,South,East South Central,8690
21083,South,East South Central,36649
21089,South,East South Central,35962
21095,South,East South Central,26831
21099,South,East South Central,19288
21149,South,East South Central,9152
21153,South,East South Central,11637
21159,South,East South Central,11287
21165,South,East South Central,6113
21171,South,East South Central,11338
21177,South,East South Central,30928
21183,South,East South Central,23772
21189,South,East South Central,4051
21193,South,East South Central,28473
21199,South,East South Central,65034
21205,South,East South Central,24662
21211,South,East South Central,48065
21217,South,East South Central,26023
21221,South,East South Central,14061
21227,South,East South Central,134554
21233,South,East South Central,13017
21239,South,East South Central,26871
23005,Northeast,New England,303069
23011,Northeast,New England,123642
23017,Northeast,New England,57777
23023,Northeast,New England,36699
23027,Northeast,New England,39607
27001,Midwest,West North Central,15697
27047,Midwest,West North Central,30895
27053,Midwest,West North Central,1281565
27059,Midwest,West North Central,41135
27063,Midwest,West North Central,9989
27069,Midwest,West North Central,4207
27075,Midwest,West North Central,10905
27081,Midwest,West North Central,5640
27087,Midwest,West North Central,5411
27093,Midwest,West North Central,23400
27099,Midwest,West North Central,40029
21009,South,East South Central,44485
27105,Midwest,West North Central,22290
27111,Midwest,West North Central,60081
27117,Midwest,West North Central,9424
27123,Midwest,West North Central,552352
27129,Midwest,West North Central,14723
27135,Midwest,West North Central,15331
27141,Midwest,West North Central,97183
27147,Midwest,West North Central,37406
27153,Midwest,West North Central,25262
